tag,spcode,alt,asp,year,l,w,t
1,Quke,m,s,2,113.74,55.85,2.08
1,Quke,m,s,2,103.97,52.4,2.36
1,Quke,m,s,2,86.16,76.14,2.43
1,Quke,m,s,2,81.15,73.86,3.48
1,Quke,m,s,2,75.19,51.31,2.47
1,Quke,m,s,2,64.09,11.37,2.63
1,Quke,m,s,2,63.89,57.64,1.34
1,Quke,m,s,2,48.65,45.48,0.92
1,Quke,m,s,2,40.06,33.13,1.93
1,Quke,m,s,2,44.15,8.16,1.11
1,Quke,m,s,2,39.08,23.14,3.06
1,Quke,m,s,2,38.94,1.13,1.07
1,Quke,m,s,2,33.7,33.55,2.41
1,Quke,m,s,2,38.32,13.13,0.44
1,Quke,m,s,2,32.82,27.32,1.99
1,Quke,m,s,2,33.84,3.52,0.74
1,Quke,m,s,2,34.27,24.59,3.18
1,Quke,m,s,2,27.23,14.88,3.08
1,Quke,m,s,2,22.02,21.83,2.95
1,Quke,m,s,2,25.69,8.41,1.53
1,Quke,m,s,2,23.45,9.36,1.44
1,Quke,m,s,2,23.9,16.65,1.35
1,Quke,m,s,2,19.21,11.7,1.81
1,Quke,m,s,2,20.25,8.36,0.53
1,Quke,m,s,2,18.22,8.8,2.18
1,Quke,m,s,2,17.18,5.75,0.72
1,Quke,m,s,2,16.99,7.32,0.72
1,Quke,m,s,2,16.49,12.43,0.29
1,Quke,m,s,2,16.04,7.83,0.73
1,Quke,m,s,2,11.79,7.47,0.87
1,Quke,m,s,2,12.42,11.32,1.11
1,Quke,m,s,2,13.68,6.18,0.99
1,Quke,m,s,2,12.84,8.03,0.81
1,Quke,m,s,2,10.75,7.51,0.22
1,Quke,m,s,2,11.94,5.71,1.03
1,Quke,m,s,2,11.33,5.63,1.14
1,Quke,m,s,2,10.57,5.92,1.53
1,Quke,m,s,2,13.04,5.42,0.19
1,Quke,m,s,2,10.21,8.55,0.5
1,Quke,m,s,2,12.66,6.21,0.51
1,Quke,m,s,2,8.06,6.48,0.35
1,Quke,m,s,2,11.81,8.09,0.36
1,Quke,m,s,2,9,6.85,0.52
1,Quke,m,s,2,10.39,8.86,0.47
1,Quke,m,s,2,8.8,5,0.37
1,Quke,m,s,2,9.57,8.15,0.33
1,Quke,m,s,2,9.47,6.83,0.18
1,Quke,m,s,2,10.11,5.18,0.29
1,Quke,m,s,2,9.79,8.15,0.69
1,Quke,m,s,2,8.59,4.54,1.39
1,Quke,m,s,2,9,5.59,0.42
1,Quke,m,s,2,8.6,4.41,0.22
1,Quke,m,s,2,7.54,4.66,0.19
1,Quke,m,s,2,10.25,2.66,0.24
1,Quke,m,s,2,6.72,3.96,0.82
1,Quke,m,s,2,7.87,4.81,0.4
1,Quke,m,s,2,6.73,4.62,0.9
1,Quke,m,s,2,5.78,5.44,1.55
1,Quke,m,s,2,5.85,4.62,0.3
1,Quke,m,s,2,6.08,5.09,0.5
1,Quke,m,s,2,8.52,3.43,1.53
1,Quke,m,s,2,6.08,3.53,0.42
1,Quke,m,s,2,5.61,5.35,0.24
1,Quke,m,s,2,4.72,4.65,0.21
1,Quke,m,s,2,5,2.96,0.66
1,Quke,m,s,2,3.78,3.14,0.34
1,Quke,m,s,2,3.84,3.3,0.16
1,Quke,m,s,2,5.25,3.96,0.32
1,Quke,m,s,2,5.99,3.09,0.26
1,Quke,m,s,2,4.93,2.87,0.93
1,Quke,m,s,2,4.94,2.05,0.12
1,Quke,m,s,2,4.57,2.34,1.43
1,Quke,m,s,2,4.04,2.82,0.61
1,Quke,m,s,2,4.17,2.07,0.5
1,Quke,m,s,2,5.13,5.08,0.15
3,Quke,m,n,2,90.66,66.48,2.36
(for sure!),Quke,m,n,2,71.98,51.87,2.02
3,Quke,m,n,2,42.96,15.32,1.07
3,Quke,m,n,2,28.73,22.47,0.34
3,Quke,m,n,2,28.55,3.13,1.73
3,Quke,m,n,2,28.26,9.29,0.29
3,Quke,m,n,2,23.07,14.19,0.7
3,Quke,m,n,2,23.3,9.94,0.14
3,Quke,m,n,2,26.76,10.86,1.14
3,Quke,m,n,2,18.71,12.15,0.16
3,Quke,m,n,2,16.38,11.93,0.55
3,Quke,m,n,2,19.93,10.79,0.13
3,Quke,m,n,2,20.44,14.34,0.69
3,Quke,m,n,2,19.69,5.03,0.17
3,Quke,m,n,2,19.51,7.71,0.13
3,Quke,m,n,2,15.15,6.62,0.24
3,Quke,m,n,2,14.58,7.29,0.14
3,Quke,m,n,2,13.54,11.96,0.16
3,Quke,m,n,2,13.69,11.79,0.36
3,Quke,m,n,2,13.22,13.01,1.21
3,Quke,m,n,2,12.97,7.13,0.27
3,Quke,m,n,2,13.5,11.36,0.32
3,Quke,m,n,2,16,10.77,0.96
3,Quke,m,n,2,14.59,7.91,0.36
3,Quke,m,n,2,12.76,6.07,0.14
3,Quke,m,n,2,12.83,5.48,0.73
3,Quke,m,n,2,13.1,8.2,0.36
3,Quke,m,n,2,12.21,4.98,0.31
3,Quke,m,n,2,9.24,7.25,0.64
3,Quke,m,n,2,10.66,5.78,0.16
3,Quke,m,n,2,10.18,5.43,0.3
3,Quke,m,n,2,10.03,8.29,0.23
3,Quke,m,n,2,10.18,9.38,0.46
3,Quke,m,n,2,9.44,5.91,0.25
3,Quke,m,n,2,8.77,5.23,0.18
3,Quke,m,n,2,8.57,6.1,0.33
3,Quke,m,n,2,8.56,5.61,0.12
3,Quke,m,n,2,8.05,4.74,0.33
3,Quke,m,n,2,9.65,3.25,0.43
3,Quke,m,n,2,10.45,7.33,0.13
3,Quke,m,n,2,8.24,5.92,0.2
3,Quke,m,n,2,8.55,6.09,0.42
3,Quke,m,n,2,8.58,2.73,0.58
3,Quke,m,n,2,8.94,4.34,0.2
3,Quke,m,n,2,9.04,4.01,0.92
3,Quke,m,n,2,9.16,5.14,0.71
3,Quke,m,n,2,8.49,2.94,0.16
3,Quke,m,n,2,8.34,3.96,0.28
3,Quke,m,n,2,9.13,5.5,0.83
3,Quke,m,n,2,11.01,3.1,0.32
3,Quke,m,n,2,9.41,4.09,0.29
3,Quke,m,n,2,7.04,5.55,0.12
3,Quke,m,n,2,7.54,3.98,0.4
3,Quke,m,n,2,7.27,4.69,0.45
3,Quke,m,n,2,6.49,3.34,0.17
3,Quke,m,n,2,7.29,4.03,0.14
3,Quke,m,n,2,7.69,2.64,0.24
3,Quke,m,n,2,6.84,5.37,0.26
3,Quke,m,n,2,5.71,3.43,0.67
3,Quke,m,n,2,5.77,4.47,0.34
3,Quke,m,n,2,6.02,5.18,0.29
3,Quke,m,n,2,6.07,4.45,0.31
3,Quke,m,n,2,6.53,3.57,0.15
3,Quke,m,n,2,7,2.76,0.15
3,Quke,m,n,2,5.47,2.87,0.22
3,Quke,m,n,2,6.29,4.07,0.16
3,Quke,m,n,2,7.84,3.01,0.18
3,Quke,m,n,2,6.9,4.05,0.18
3,Quke,m,n,2,5.43,3.18,0.19
3,Quke,m,n,2,6.75,5.25,0.21
3,Quke,m,n,2,6.28,2.52,0.18
3,Quke,m,n,2,18.8,1.21,1.05
3,Quke,m,n,2,13.31,0.83,0.68
3,Quke,m,n,2,14.4,4.21,0.78
3,Quke,m,n,2,14.28,1.36,0.94
3,Quke,m,n,2,13.37,0.98,0.97
3,Quke,m,n,2,14.85,0.81,0.55
3,Quke,m,n,2,13.17,0.75,0.64
3,Quke,m,n,2,12.82,0.9,0.77
3,Quke,m,n,2,10.47,0.95,0.81
3,Quke,m,n,2,10.74,1.57,1.11
3,Quke,m,n,2,7.93,2.67,0.76
3,Quke,m,n,2,7.09,1.1,0.58
3,Quke,m,n,2,5.61,0.87,0.85
3,Quke,m,n,2,5.62,1.89,0.22
3,Quke,m,n,2,3.46,2.78,0.11
3,Quke,m,n,2,4.9,3.16,0.25
3,Quke,m,n,2,4.99,2.11,0.17
3,Quke,m,n,2,4.6,2.38,0.18
3,Quke,m,n,2,4,3.1,0.15
3,Quke,m,n,2,4.65,3.21,0.15
3,Quke,m,n,2,4.6,2.87,0.14
3,Quke,m,n,2,5.06,2.89,0.43
3,Quke,m,n,2,3.65,2.13,0.16
6,Quke,l,s,2,79.16,50.91,2.51
too much dirt,Quke,l,s,2,72.94,45.46,3.99
6,Quke,l,s,2,67.27,43.4,0.33
6,Quke,l,s,2,60.17,58.84,0.89
6,Quke,l,s,2,62.05,23.37,0.48
6,Quke,l,s,2,55.76,11.86,0.82
6,Quke,l,s,2,55.86,43.72,0.68
6,Quke,l,s,2,53.91,25.98,1.62
6,Quke,l,s,2,39.57,21.63,0.69
6,Quke,l,s,2,34.69,32.41,0.44
6,Quke,l,s,2,37.85,18.01,0.22
6,Quke,l,s,2,27.58,22.33,0.48
6,Quke,l,s,2,28.96,12.44,0.43
6,Quke,l,s,2,28.3,10.34,0.29
6,Quke,l,s,2,24.23,11.8,0.31
6,Quke,l,s,2,23.91,16.11,0.77
6,Quke,l,s,2,23.94,18.84,0.31
6,Quke,l,s,2,25.4,13.89,0.5
6,Quke,l,s,2,22.14,7.46,0.18
6,Quke,l,s,2,24.24,14.55,0.45
6,Quke,l,s,2,23.21,19.5,0.41
6,Quke,l,s,2,24.27,8.22,0.32
6,Quke,l,s,2,22.58,11.44,0.26
6,Quke,l,s,2,20.74,16.29,0.27
6,Quke,l,s,2,22.34,11.39,0.45
6,Quke,l,s,2,18.81,10.66,0.21
6,Quke,l,s,2,20.28,10.55,0.26
6,Quke,l,s,2,19.27,18.25,0.22
6,Quke,l,s,2,18.57,14.32,0.59
6,Quke,l,s,2,16.15,12.24,0.9
6,Quke,l,s,2,20.05,1.13,1.02
6,Quke,l,s,2,20.19,0.95,0.8
6,Quke,l,s,2,15.83,1.51,1.25
6,Quke,l,s,2,17.51,8.23,0.24
6,Quke,l,s,2,21.02,6.81,1.02
6,Quke,l,s,2,17.5,7.89,0.24
6,Quke,l,s,2,17.87,5.4,0.26
6,Quke,l,s,2,15.4,11.88,0.28
6,Quke,l,s,2,15.87,9.02,0.91
6,Quke,l,s,2,14.93,6.41,0.41
6,Quke,l,s,2,15.75,6.47,0.28
6,Quke,l,s,2,13.28,11.06,0.2
6,Quke,l,s,2,13.7,9.14,0.32
6,Quke,l,s,2,12.25,9.41,0.32
6,Quke,l,s,2,14.24,0.99,0.9
6,Quke,l,s,2,13.41,0.84,0.6
6,Quke,l,s,2,11.98,1,0.82
6,Quke,l,s,2,13.27,6.89,0.39
6,Quke,l,s,2,12.65,8.44,0.64
6,Quke,l,s,2,12.28,8.66,0.28
6,Quke,l,s,2,13.03,7.32,0.31
6,Quke,l,s,2,11.72,8.87,0.42
6,Quke,l,s,2,10.97,3.59,0.43
6,Quke,l,s,2,11.35,4.82,0.89
6,Quke,l,s,2,10.63,7.36,0.35
6,Quke,l,s,2,9.31,7.64,0.29
6,Quke,l,s,2,9.75,6.21,0.21
6,Quke,l,s,2,10.18,8.72,1.25
6,Quke,l,s,2,7.61,7.53,0.56
6,Quke,l,s,2,8.47,7,0.2
6,Quke,l,s,2,8.55,8.51,0.27
6,Quke,l,s,2,8.3,7.84,0.51
6,Quke,l,s,2,11.66,7.22,0.32
6,Quke,l,s,2,9.81,4.58,0.17
6,Quke,l,s,2,10.6,6.48,0.15
6,Quke,l,s,2,8.99,3.34,1.87
6,Quke,l,s,2,8.96,0.96,0.77
6,Quke,l,s,2,8.83,1.47,1.45
6,Quke,l,s,2,7.44,1.2,0.91
6,Quke,l,s,2,8,1.36,1.14
6,Quke,l,s,2,8.44,5.4,0.21
6,Quke,l,s,2,8.23,6.27,0.34
6,Quke,l,s,2,9.99,6.07,0.18
6,Quke,l,s,2,9.32,6.66,0.23
6,Quke,l,s,2,7.42,6.21,0.38
6,Quke,l,s,2,8.48,6.94,0.41
6,Quke,l,s,2,8.35,5.26,0.6
6,Quke,l,s,2,8.08,4.42,0.24
6,Quke,l,s,2,8.44,7.27,0.3
6,Quke,l,s,2,6.35,5.12,0.24
6,Quke,l,s,2,6.65,4.99,0.45
6,Quke,l,s,2,7.16,6.22,0.43
6,Quke,l,s,2,6.99,5.59,0.18
6,Quke,l,s,2,7,3.84,0.19
6,Quke,l,s,2,5.6,3.83,0.21
6,Quke,l,s,2,6.09,4.41,0.16
6,Quke,l,s,2,5.79,4.56,0.32
6,Quke,l,s,2,6.24,3.97,0.18
6,Quke,l,s,2,5.28,4.56,0.29
6,Quke,l,s,2,6.41,2.85,0.28
6,Quke,l,s,2,4.15,3.73,0.16
6,Quke,l,s,2,4.11,4.01,0.2
6,Quke,l,s,2,4.89,3.76,0.17
6,Quke,l,s,2,4.96,2.93,0.3
6,Quke,l,s,2,4.06,3.43,0.21
6,Quke,l,s,2,4.96,3.55,0.18
8,Quke,l,n,2,93.53,71.35,4.16
8,Quke,l,n,2,36.65,26.49,3.03
8,Quke,l,n,2,29.67,24.22,0.41
8,Quke,l,n,2,29.72,22.88,0.87
8,Quke,l,n,2,29.98,15.45,0.81
8,Quke,l,n,2,27.01,12.69,0.32
8,Quke,l,n,2,24.27,21.24,0.46
8,Quke,l,n,2,22.74,14,0.42
8,Quke,l,n,2,21.62,11.64,0.33
8,Quke,l,n,2,16.65,10.34,1.82
8,Quke,l,n,2,14.56,11.49,0.65
8,Quke,l,n,2,12.33,8.94,0.54
8,Quke,l,n,2,17.75,7.74,1.72
8,Quke,l,n,2,16.99,8.87,0.85
8,Quke,l,n,2,17.35,5.02,0.36
8,Quke,l,n,2,15.86,6.56,0.36
8,Quke,l,n,2,12.16,6.46,0.43
8,Quke,l,n,2,10.38,5.17,0.32
8,Quke,l,n,2,10.42,8.87,0.21
8,Quke,l,n,2,10.71,7.82,0.23
8,Quke,l,n,2,7.83,6.49,3.85
8,Quke,l,n,2,10.88,6.14,0.35
8,Quke,l,n,2,10.81,5.45,0.28
8,Quke,l,n,2,12.47,6.55,0.12
8,Quke,l,n,2,15.56,6.74,0.22
8,Quke,l,n,2,11.71,9.66,1.28
8,Quke,l,n,2,10.7,4.02,2.26
8,Quke,l,n,2,9.09,5.05,1.79
8,Quke,l,n,2,12.07,6.88,0.27
8,Quke,l,n,2,10.77,9.94,1.14
8,Quke,l,n,2,9.64,6.1,0.24
8,Quke,l,n,2,13.4,4.48,0.66
8,Quke,l,n,2,9.08,4.21,0.19
8,Quke,l,n,2,8.85,4.45,0.14
8,Quke,l,n,2,8.94,4.22,0.14
8,Quke,l,n,2,7.98,5.19,1.25
8,Quke,l,n,2,29.03,6.22,0.31
8,Quke,l,n,2,42.95,1.28,1.07
8,Quke,l,n,2,39.66,2.67,0.87
8,Quke,l,n,2,33.17,4.22,0.79
8,Quke,l,n,2,20.79,3.49,0.99
8,Quke,l,n,2,19.15,0.75,0.63
8,Quke,l,n,2,13.99,0.84,0.71
8,Quke,l,n,2,11.23,0.97,0.85
8,Quke,l,n,2,11.75,4.42,0.1
8,Quke,l,n,2,8.29,2.38,0.21
8,Quke,l,n,2,9.81,2.65,1.26
8,Quke,l,n,2,5.9,3.72,0.17
8,Quke,l,n,2,6.44,4,0.52
8,Quke,l,n,2,9.12,2.77,0.86
8,Quke,l,n,2,8.93,6.17,1.46
8,Quke,l,n,2,6.78,5.42,0.44
8,Quke,l,n,2,6.53,4.53,0.26
8,Quke,l,n,2,10.89,2,0.23
8,Quke,l,n,2,7.34,4.48,0.78
8,Quke,l,n,2,6.72,5.93,0.58
8,Quke,l,n,2,6.85,6.6,1.04
8,Quke,l,n,2,8.06,4.73,0.63
8,Quke,l,n,2,7.06,3.15,1.3
8,Quke,l,n,2,8.1,2.12,0.69
8,Quke,l,n,2,6.57,4.57,2.18
8,Quke,l,n,2,7.84,3.63,0.23
8,Quke,l,n,2,6.71,3.87,0.27
8,Quke,l,n,2,6.82,2.61,0.51
8,Quke,l,n,2,4.89,3.15,0.21
8,Quke,l,n,2,7.6,4.05,0.19
8,Quke,l,n,2,7.51,3.05,0.29
8,Quke,l,n,2,6.66,3.74,0.16
8,Quke,l,n,2,6.68,3.46,1.15
8,Quke,l,n,2,9.32,4.55,0.67
8,Quke,l,n,2,6.84,4.49,0.31
8,Quke,l,n,2,7.18,3.86,0.29
8,Quke,l,n,2,6.37,5.1,0.21
8,Quke,l,n,2,5.26,2.99,0.16
8,Quke,l,n,2,6.19,5.79,0.31
8,Quke,l,n,2,4.61,3.78,0.14
8,Quke,l,n,2,5.21,4.87,0.37
8,Quke,l,n,2,6.44,2.4,0.7
8,Quke,l,n,2,4.81,3.71,1.32
8,Quke,l,n,2,4.04,3.46,0.45
8,Quke,l,n,2,8.67,3.18,0.2
8,Quke,l,n,2,6.67,2.77,0.25
8,Quke,l,n,2,4.92,4.28,1.38
8,Quke,l,n,2,5.38,3.84,0.49
8,Quke,l,n,2,4.93,4.05,0.14
8,Quke,l,n,2,6.14,4.11,0.21
8,Quke,l,n,2,3.86,3.63,0.15
8,Quke,l,n,2,8.41,2.83,0.27
8,Quke,l,n,2,4.38,2.55,0.16
8,Quke,l,n,2,5.14,2.3,0.44
8,Quke,l,n,2,5.09,3.79,0.07
8,Quke,l,n,2,4.91,3.1,1.12
8,Quke,l,n,2,6.15,3.94,0.82
8,Quke,l,n,2,3.1,2.72,0.2
8,Quke,l,n,2,7.1,2.43,0.1
8,Quke,l,n,2,5.8,2.78,0.79
8,Quke,l,n,2,5.14,4.46,0.21
8,Quke,l,n,2,5.52,2.55,0.15
8,Quke,l,n,2,4.01,3.9,0.53
8,Quke,l,n,2,4.78,1.56,0.9
8,Quke,l,n,2,3.89,3.52,0.14
8,Quke,l,n,2,5.85,3.95,0.28
8,Quke,l,n,2,4.83,3.14,0.53
8,Quke,l,n,2,6.32,3.71,0.21
8,Quke,l,n,2,6.5,1.79,0.23
8,Quke,l,n,2,7.82,3.18,0.25
8,Quke,l,n,2,5.61,2.11,0.14
8,Quke,l,n,2,6.27,2.87,0.81
8,Quke,l,n,2,4.81,3.36,0.61
8,Quke,l,n,2,4.73,3.1,0.43
8,Quke,l,n,2,4.87,2.45,0.36
8,Quke,l,n,2,6.74,3.2,0.36
8,Quke,l,n,2,3.8,3.38,0.11
8,Quke,l,n,2,4.75,3.91,0.13
8,Quke,l,n,2,5,2.52,0.24
8,Quke,l,n,2,4.85,1.79,0.07
8,Quke,l,n,2,5.15,2.31,0.43
8,Quke,l,n,2,5.97,2.09,0.61
8,Quke,l,n,2,3.85,1.59,1.3
8,Quke,l,n,2,6.23,3.23,0.23
8,Quke,l,n,2,5.32,2.33,0.25
8,Quke,l,n,2,6.9,1.84,1.13
8,Quke,l,n,2,4.98,2.6,0.31
8,Quke,l,n,2,4.98,2.26,0.2
8,Quke,l,n,2,4.61,3.38,0.5
8,Quke,l,n,2,4.99,3.01,0.64
8,Quke,l,n,2,5.1,2.57,0.14
8,Quke,l,n,2,6.08,1.65,0.63
8,Quke,l,n,2,6.43,2.44,0.63
8,Quke,l,n,2,4.44,4.06,0.48
8,Quke,l,n,2,4.09,3.48,0.43
8,Quke,l,n,2,3.93,3.81,0.22
8,Quke,l,n,2,3.99,2.83,0.15
8,Quke,l,n,2,4.47,2.99,0.3
8,Quke,l,n,2,4.72,2.37,0.25
8,Quke,l,n,2,4.15,2.66,1.05
8,Quke,l,n,2,4.64,2.19,0.37
8,Quke,l,n,2,4.17,2.05,0.15
13,Cade,m,s,2,40.19,12.34,3.31
13,Cade,m,s,2,31.23,7.48,1.91
13,Cade,m,s,2,28.86,8.53,1.88
13,Cade,m,s,2,25.43,3.05,1.63
13,Cade,m,s,2,23.24,7.41,1.48
13,Cade,m,s,2,21.97,5.88,1.42
13,Cade,m,s,2,20.84,3.31,2.32
13,Cade,m,s,2,18.94,3.35,2.23
13,Cade,m,s,2,20.18,3.15,1.26
13,Cade,m,s,2,16.09,3.27,1.92
13,Cade,m,s,2,18.87,4.55,0.89
13,Cade,m,s,2,16.62,5.73,0.91
13,Cade,m,s,2,16.57,2.59,1.11
13,Cade,m,s,2,16.27,4.04,1.11
13,Cade,m,s,2,14.95,3.25,0.88
13,Cade,m,s,2,13.67,4.33,0.71
13,Cade,m,s,2,13.23,3.54,1.01
13,Cade,m,s,2,13.65,3.2,2.5
13,Cade,m,s,2,12.15,3.27,1.02
13,Cade,m,s,2,11.41,4.23,0.91
13,Cade,m,s,2,11.75,2.99,1.03
13,Cade,m,s,2,11.93,3.72,1.14
13,Cade,m,s,2,11.92,1.83,0.73
13,Cade,m,s,2,12.27,5.11,0.84
13,Cade,m,s,2,11.46,2.47,1.02
13,Cade,m,s,2,10.97,2.5,0.94
13,Cade,m,s,2,11.15,1.71,0.8
13,Cade,m,s,2,10.55,5.36,1.06
13,Cade,m,s,2,11.58,3.28,0.93
13,Cade,m,s,2,10.43,1.69,0.72
13,Cade,m,s,2,10.92,3.88,1.81
13,Cade,m,s,2,11.23,3.04,0.71
13,Cade,m,s,2,10.59,3.05,0.91
13,Cade,m,s,2,10.53,2.5,1.05
13,Cade,m,s,2,11.03,3.43,0.77
13,Cade,m,s,2,10.15,1.8,0.77
13,Cade,m,s,2,10.04,3.96,1.26
13,Cade,m,s,2,9.95,2.49,0.78
13,Cade,m,s,2,9.82,2.41,0.89
13,Cade,m,s,2,9.34,2.33,0.92
13,Cade,m,s,2,9.33,2.43,0.8
13,Cade,m,s,2,9.92,2.27,0.77
13,Cade,m,s,2,9.22,3.8,0.86
13,Cade,m,s,2,8.97,1.57,0.89
13,Cade,m,s,2,9.61,3.75,0.95
13,Cade,m,s,2,8.53,2.26,1.35
13,Cade,m,s,2,9.01,3.04,0.79
13,Cade,m,s,2,8.3,2.23,1
13,Cade,m,s,2,7.86,3.26,1.26
13,Cade,m,s,2,9.32,2.62,1.34
13,Cade,m,s,2,8.87,2.21,0.88
13,Cade,m,s,2,8.38,1.84,0.72
13,Cade,m,s,2,9.27,2.88,0.88
13,Cade,m,s,2,8.38,1.73,0.86
13,Cade,m,s,2,8.77,3.46,0.95
13,Cade,m,s,2,8.2,1.7,0.78
13,Cade,m,s,2,8,2.25,1.06
13,Cade,m,s,2,7.77,2.78,1.47
13,Cade,m,s,2,7.87,2.96,1.64
13,Cade,m,s,2,7.39,2.69,1.48
13,Cade,m,s,2,8.31,2.51,1.19
13,Cade,m,s,2,8.36,2.37,1.22
13,Cade,m,s,2,8.93,1.74,0.64
13,Cade,m,s,2,8.28,3.18,1.1
13,Cade,m,s,2,7.92,2.47,1.32
13,Cade,m,s,2,7.85,2.51,1.18
13,Cade,m,s,2,8.7,2.62,1.02
13,Cade,m,s,2,7.98,2.65,1.64
13,Cade,m,s,2,8.36,2.48,0.85
13,Cade,m,s,2,7.7,1.7,0.77
13,Cade,m,s,2,7.66,3.27,0.77
13,Cade,m,s,2,7.27,3.62,0.86
13,Cade,m,s,2,7.31,2.67,1.04
13,Cade,m,s,2,8,2.51,0.83
13,Cade,m,s,2,7.49,3.16,0.68
13,Cade,m,s,2,6.95,1.83,0.9
13,Cade,m,s,2,7.59,2.36,0.86
13,Cade,m,s,2,7.16,2.47,0.95
13,Cade,m,s,2,7.79,2.4,0.87
13,Cade,m,s,2,7.85,2.67,1.27
13,Cade,m,s,2,6.62,2.2,1.04
13,Cade,m,s,2,6.89,2.26,1.05
13,Cade,m,s,2,6.7,2.49,1.27
13,Cade,m,s,2,6.99,2.45,1.28
13,Cade,m,s,2,6.38,2.58,0.99
13,Cade,m,s,2,5.83,2.37,0.93
13,Cade,m,s,2,6.71,1.75,0.81
13,Cade,m,s,2,6.67,2.37,1.02
13,Cade,m,s,2,6.14,2.34,0.94
13,Cade,m,s,2,6.36,1.73,0.81
13,Cade,m,s,2,6.41,2.35,0.83
13,Cade,m,s,2,6.22,3.41,1.07
13,Cade,m,s,2,5.65,1.57,0.87
13,Cade,m,s,2,6.02,2.35,0.95
13,Cade,m,s,2,6.19,1.81,0.76
13,Cade,m,s,2,7.06,2.19,0.85
13,Cade,m,s,2,5.66,2.31,0.83
13,Cade,m,s,2,6.38,1.75,0.89
13,Cade,m,s,2,7.24,1.7,0.87
13,Cade,m,s,2,6.36,1.78,0.83
13,Cade,m,s,2,6.22,1.62,0.81
13,Cade,m,s,2,5.18,2.65,1.18
13,Cade,m,s,2,4.67,2.52,0.9
13,Cade,m,s,2,5.38,1.78,0.89
13,Cade,m,s,2,6.42,2.18,0.99
13,Cade,m,s,2,7.1,2.19,1.04
13,Cade,m,s,2,5.46,2.21,1.17
13,Cade,m,s,2,6.2,1.82,0.76
13,Cade,m,s,2,5.87,1.65,0.75
13,Cade,m,s,2,7.72,2.56,0.92
13,Cade,m,s,2,8.18,2.42,0.82
13,Cade,m,s,2,6.81,2.59,0.89
13,Cade,m,s,2,4.77,2.32,1.09
13,Cade,m,s,2,5.01,2.47,1.05
13,Cade,m,s,2,6.18,2.57,1.19
13,Cade,m,s,2,5.92,2.25,0.79
13,Cade,m,s,2,5.39,2.22,0.95
13,Cade,m,s,2,5.43,1.74,0.84
13,Cade,m,s,2,4.76,1.58,1.22
13,Cade,m,s,2,4.73,2.45,1.24
13,Cade,m,s,2,6.95,2.36,0.9
13,Cade,m,s,2,4.95,1.61,0.88
13,Cade,m,s,2,4.92,2.46,1.18
13,Cade,m,s,2,4.58,1.72,1.16
13,Cade,m,s,2,4.32,2.4,1.06
13,Cade,m,s,2,5.39,2.53,1.14
13,Cade,m,s,2,4.37,2.58,1.19
13,Cade,m,s,2,5.86,2.29,0.99
13,Cade,m,s,2,5.63,1.68,0.78
13,Cade,m,s,2,4.67,2.51,0.89
13,Cade,m,s,2,5.98,2.07,0.95
13,Cade,m,s,2,5.26,2.24,0.89
13,Cade,m,s,2,5.38,1.55,0.74
13,Cade,m,s,2,5.13,1.75,1.21
13,Cade,m,s,2,5.9,1.79,0.74
13,Cade,m,s,2,5.37,2.32,0.9
13,Cade,m,s,2,4.86,2.72,1.11
13,Cade,m,s,2,5.14,2.51,1.21
13,Cade,m,s,2,6.22,1.68,0.83
13,Cade,m,s,2,4.63,2.48,1.07
13,Cade,m,s,2,4.17,2.46,1.09
13,Cade,m,s,2,4.88,2.32,0.81
13,Cade,m,s,2,4.31,2.37,1.09
13,Cade,m,s,2,4.62,2.29,0.93
13,Cade,m,s,2,4.88,2.43,1.11
13,Cade,m,s,2,5.5,2.13,0.77
13,Cade,m,s,2,5.18,2.23,0.9
13,Cade,m,s,2,4.57,2.48,0.94
13,Cade,m,s,2,4.82,1.74,1.02
13,Cade,m,s,2,5.69,2.32,1.03
13,Cade,m,s,2,4.83,1.87,0.91
13,Cade,m,s,2,4.71,1.64,1.25
13,Cade,m,s,2,5.28,2.16,0.76
13,Cade,m,s,2,4.47,2.49,1
13,Cade,m,s,2,4.44,1.78,0.82
13,Cade,m,s,2,6.55,2.38,1.04
13,Cade,m,s,2,4.38,2.43,1.1
13,Cade,m,s,2,4.71,1.95,0.86
13,Cade,m,s,2,4.68,1.66,0.79
13,Cade,m,s,2,4.5,1.76,0.91
13,Cade,m,s,2,4.25,2.32,0.93
13,Cade,m,s,2,5.03,1.72,1.37
13,Cade,m,s,2,5.31,1.49,0.68
13,Cade,m,s,2,4.63,1.87,0.99
13,Cade,m,s,2,4.67,1.58,0.95
13,Cade,m,s,2,5.27,2.52,0.96
13,Cade,m,s,2,4.88,1.64,0.84
13,Cade,m,s,2,4.14,1.62,0.95
13,Cade,m,s,2,4.4,2.39,1.1
13,Cade,m,s,2,4.64,3.04,0.8
13,Cade,m,s,2,4.36,1.62,0.81
13,Cade,m,s,2,4.91,1.82,0.7
13,Cade,m,s,2,5.3,2.17,0.94
13,Cade,m,s,2,5.46,2.26,0.82
13,Cade,m,s,2,4.61,2.31,0.89
13,Cade,m,s,2,4.48,2.34,0.99
13,Cade,m,s,2,4.36,2.38,0.95
13,Cade,m,s,2,4.68,1.73,0.79
13,Cade,m,s,2,4.17,1.4,1.09
13,Cade,m,s,2,4.38,1.68,0.81
13,Cade,m,s,2,5.19,2.27,0.92
13,Cade,m,s,2,4.45,1.83,0.97
13,Cade,m,s,2,4.38,1.74,0.91
13,Cade,m,s,2,4.34,1.67,0.98
13,Cade,m,s,2,4.45,1.58,0.68
13,Cade,m,s,2,4.15,1.81,0.67
13,Cade,m,s,2,5.17,1.72,0.78
13,Cade,m,s,2,4.51,1.73,0.86
13,Cade,m,s,2,4.06,1.62,0.7
13,Cade,m,s,2,4.39,1.58,0.88
13,Cade,m,s,2,4.25,1.67,0.62
13,Cade,m,s,2,4.31,1.98,0.93
13,Cade,m,s,2,4.14,1.62,0.84
13,Cade,m,s,2,4.03,1.55,0.84
13,Cade,m,s,2,4.86,1.68,0.84
13,Cade,m,s,2,4.96,2.43,0.87
13,Cade,m,s,2,4.43,1.64,0.75
13,Cade,m,s,2,4.2,2.44,0.85
13,Cade,m,s,2,4.09,1.59,1.25
13,Cade,m,s,2,4.2,2.5,1.13
13,Cade,m,s,2,4.4,1.4,0.85
13,Cade,m,s,2,4.35,1.61,0.85
15,Cade,m,n,2,39.51,23.35,5.36
15,Cade,m,n,2,31.26,6.28,2.34
15,Cade,m,n,2,23.2,10.36,2.81
15,Cade,m,n,2,21.78,15.23,2.19
15,Cade,m,n,2,21.67,21.6,1.3
15,Cade,m,n,2,22.06,6.25,1.73
15,Cade,m,n,2,20.06,4.24,1.54
15,Cade,m,n,2,16.42,12.02,3.57
15,Cade,m,n,2,16.4,4.83,0.98
15,Cade,m,n,2,14.32,6.08,1.84
15,Cade,m,n,2,12.95,12.45,1.79
15,Cade,m,n,2,12.49,3.49,1.17
15,Cade,m,n,2,13.38,4.13,0.99
15,Cade,m,n,2,12.97,5.96,1.53
15,Cade,m,n,2,13.47,3.37,0.95
15,Cade,m,n,2,12.95,4.33,1.57
15,Cade,m,n,2,9.47,4.86,1.12
15,Cade,m,n,2,10.95,5.44,1.58
15,Cade,m,n,2,10.9,4.52,1.15
15,Cade,m,n,2,10.57,3.64,0.79
15,Cade,m,n,2,9.27,4.67,0.77
15,Cade,m,n,2,10.17,3.17,1.19
15,Cade,m,n,2,14.06,2.72,1.25
15,Cade,m,n,2,10.34,4.25,0.88
15,Cade,m,n,2,9.79,2.31,1.41
15,Cade,m,n,2,8.26,2.87,1.67
15,Cade,m,n,2,9.41,3.48,0.86
15,Cade,m,n,2,8.84,3.62,0.66
15,Cade,m,n,2,7.13,3.92,1.12
15,Cade,m,n,2,9.55,2.45,1.24
15,Cade,m,n,2,9.18,2.41,0.96
15,Cade,m,n,2,8.92,2.38,1.33
15,Cade,m,n,2,8.93,3.5,0.91
15,Cade,m,n,2,8.55,2.5,1.26
15,Cade,m,n,2,8.1,1.73,0.66
15,Cade,m,n,2,8.44,2.47,1.15
15,Cade,m,n,2,8.5,2.51,1.09
15,Cade,m,n,2,8.48,3.36,0.97
15,Cade,m,n,2,8.05,2.28,0.79
15,Cade,m,n,2,8.16,3.35,0.83
15,Cade,m,n,2,6.96,3.94,1.19
15,Cade,m,n,2,8.19,1.77,0.93
15,Cade,m,n,2,7.89,3.01,1.24
15,Cade,m,n,2,7.59,2.03,0.78
15,Cade,m,n,2,8.04,1.76,0.7
15,Cade,m,n,2,8.07,3.03,1.06
15,Cade,m,n,2,7.25,2.26,0.93
15,Cade,m,n,2,7.33,1.8,1.28
15,Cade,m,n,2,8.37,4.49,1.56
15,Cade,m,n,2,7.27,3.04,0.8
15,Cade,m,n,2,8.12,3.46,0.67
15,Cade,m,n,2,7.24,2.25,0.92
15,Cade,m,n,2,6.84,2.55,0.97
15,Cade,m,n,2,7.43,2.67,0.89
15,Cade,m,n,2,7.37,1.75,0.79
15,Cade,m,n,2,7.82,1.48,0.7
15,Cade,m,n,2,7.14,1.68,0.75
15,Cade,m,n,2,7.29,2.14,0.77
15,Cade,m,n,2,6.7,4.25,0.82
15,Cade,m,n,2,6.52,2.22,0.82
15,Cade,m,n,2,7.23,2.16,0.69
15,Cade,m,n,2,6.18,2.54,1.17
15,Cade,m,n,2,5.65,3.41,1.44
15,Cade,m,n,2,6.27,1.68,1.47
15,Cade,m,n,2,6.41,1.72,0.95
15,Cade,m,n,2,6.27,2.02,0.97
15,Cade,m,n,2,6.22,1.76,0.66
15,Cade,m,n,2,6.56,2.59,0.7
15,Cade,m,n,2,6.58,1.68,0.78
15,Cade,m,n,2,6.35,1.69,0.55
15,Cade,m,n,2,5.96,1.71,0.63
15,Cade,m,n,2,5.08,1.02,0.98
15,Cade,m,n,2,5.67,1.65,0.72
15,Cade,m,n,2,5.51,2.29,0.79
15,Cade,m,n,2,5.35,2.21,0.86
15,Cade,m,n,2,6,1.57,0.85
15,Cade,m,n,2,6.57,1.86,1.12
15,Cade,m,n,2,6.68,4.95,0.79
15,Cade,m,n,2,5.99,1.77,0.94
15,Cade,m,n,2,6.07,2.45,0.75
15,Cade,m,n,2,6.2,1.71,0.66
15,Cade,m,n,2,6.33,3.05,0.91
15,Cade,m,n,2,5.52,2.66,0.99
15,Cade,m,n,2,5.57,2.15,0.78
15,Cade,m,n,2,5.31,1.46,0.71
15,Cade,m,n,2,4.83,2.41,1.04
15,Cade,m,n,2,4.75,2.29,1.2
15,Cade,m,n,2,5.61,2.28,0.73
15,Cade,m,n,2,5.35,2.36,1.31
15,Cade,m,n,2,4.87,1.96,0.69
15,Cade,m,n,2,4.78,2.47,1.12
15,Cade,m,n,2,5.7,1.54,0.72
15,Cade,m,n,2,4.96,1.75,0.9
15,Cade,m,n,2,5.09,2.28,0.72
15,Cade,m,n,2,4.81,2.46,0.9
15,Cade,m,n,2,4.51,2.45,0.76
15,Cade,m,n,2,4.54,2.81,0.96
15,Cade,m,n,2,5.36,1.62,0.69
15,Cade,m,n,2,4.78,1.85,0.74
15,Cade,m,n,2,4.87,1.65,1.09
15,Cade,m,n,2,4.38,1.86,0.56
15,Cade,m,n,2,4.73,1.72,1.18
15,Cade,m,n,2,4.62,1.92,0.46
15,Cade,m,n,2,5.38,1.93,0.61
15,Cade,m,n,2,5.23,1.63,0.73
15,Cade,m,n,2,4.29,1.78,0.76
15,Cade,m,n,2,4.47,1.64,0.89
16,Cade,m,s,2,45.08,11.35,3.06
16,Cade,m,s,2,35.05,3.61,2.32
16,Cade,m,s,2,27.73,9.34,1.4
16,Cade,m,s,2,26.96,4.28,1.18
16,Cade,m,s,2,24.57,3.92,1.1
16,Cade,m,s,2,20.13,2.74,1.27
16,Cade,m,s,2,16.91,14.92,1.65
16,Cade,m,s,2,18.73,4.36,1.09
16,Cade,m,s,2,17.59,2.74,1.28
16,Cade,m,s,2,17.28,4.62,1.05
16,Cade,m,s,2,16.84,4.59,1.05
16,Cade,m,s,2,16.96,3.9,0.85
16,Cade,m,s,2,16.48,2.69,1.23
16,Cade,m,s,2,16.36,2.95,1.48
16,Cade,m,s,2,16.37,3.8,1.02
16,Cade,m,s,2,14.9,3.95,1.13
16,Cade,m,s,2,15.75,3.28,1.18
16,Cade,m,s,2,14.03,3.74,1.33
16,Cade,m,s,2,13.87,4.52,0.94
16,Cade,m,s,2,14.87,5.97,1.04
16,Cade,m,s,2,14.59,2.55,1.01
16,Cade,m,s,2,13.37,3.81,0.86
16,Cade,m,s,2,14.33,4,1.01
16,Cade,m,s,2,13.26,4.69,1.3
16,Cade,m,s,2,13.02,2.48,0.88
16,Cade,m,s,2,13.73,3.84,1.05
16,Cade,m,s,2,15.02,4,1.01
16,Cade,m,s,2,13.3,2.3,1.35
16,Cade,m,s,2,12.82,3.67,1.05
16,Cade,m,s,2,12.18,4.99,0.87
16,Cade,m,s,2,13.52,3.53,1.15
16,Cade,m,s,2,13.02,2.95,0.87
16,Cade,m,s,2,13.12,3.08,0.95
16,Cade,m,s,2,11.37,5.34,1
16,Cade,m,s,2,12.18,4.38,1.1
16,Cade,m,s,2,11.72,5.69,1
16,Cade,m,s,2,10.84,1.76,0.84
16,Cade,m,s,2,10.8,2.54,0.98
16,Cade,m,s,2,11.22,3.14,1.03
16,Cade,m,s,2,10.99,4.26,1.22
16,Cade,m,s,2,11.36,3.65,0.78
16,Cade,m,s,2,12.11,3.83,0.78
16,Cade,m,s,2,10.77,2.95,0.87
16,Cade,m,s,2,11.09,2.51,0.71
16,Cade,m,s,2,10.92,4.31,1.42
16,Cade,m,s,2,11.31,2.41,0.81
16,Cade,m,s,2,9.75,2.57,1.3
16,Cade,m,s,2,9.76,1.79,0.7
16,Cade,m,s,2,10.87,3.24,1.23
16,Cade,m,s,2,9.6,2.63,1.51
16,Cade,m,s,2,10.31,3.55,1.13
16,Cade,m,s,2,9.97,3.66,1.48
16,Cade,m,s,2,10.27,3.86,0.96
16,Cade,m,s,2,9.3,2.51,1.01
16,Cade,m,s,2,9.22,2.43,1.16
16,Cade,m,s,2,10.12,3.53,0.91
16,Cade,m,s,2,11.14,2.46,1.09
16,Cade,m,s,2,9.72,3.68,0.79
16,Cade,m,s,2,9.56,3.14,0.87
16,Cade,m,s,2,9.21,3.33,1.78
16,Cade,m,s,2,9.46,2.73,0.99
16,Cade,m,s,2,9.03,3.08,0.97
16,Cade,m,s,2,8.48,1.85,0.88
16,Cade,m,s,2,8.86,3.21,0.87
16,Cade,m,s,2,8.83,3.49,0.93
16,Cade,m,s,2,9.1,3.27,0.9
16,Cade,m,s,2,9.02,2.96,0.85
16,Cade,m,s,2,8.23,3.89,1
16,Cade,m,s,2,8.52,2.5,1.11
16,Cade,m,s,2,8.67,2.94,0.77
16,Cade,m,s,2,8.95,2.27,1
16,Cade,m,s,2,8.28,2.56,0.85
16,Cade,m,s,2,7.45,2.9,1.28
16,Cade,m,s,2,9.29,2.31,0.99
16,Cade,m,s,2,7.33,2.7,1.01
16,Cade,m,s,2,8.06,1.61,0.68
16,Cade,m,s,2,8.95,1.32,0.88
16,Cade,m,s,2,8.76,3.91,0.93
16,Cade,m,s,2,8.4,2.53,0.85
16,Cade,m,s,2,6.39,2.55,0.85
16,Cade,m,s,2,7.38,3.09,0.63
16,Cade,m,s,2,7.23,2.06,0.8
16,Cade,m,s,2,6.67,2.58,1.29
16,Cade,m,s,2,6.16,2.3,0.91
16,Cade,m,s,2,7.12,2.47,0.89
16,Cade,m,s,2,7.01,2.01,0.79
16,Cade,m,s,2,7.64,2.21,0.85
16,Cade,m,s,2,6.44,1.98,0.74
16,Cade,m,s,2,7.3,2.43,1.03
16,Cade,m,s,2,6.15,2.54,0.87
16,Cade,m,s,2,7.35,2.25,0.89
16,Cade,m,s,2,5.16,2.47,0.84
16,Cade,m,s,2,7.79,2.51,0.97
16,Cade,m,s,2,6.37,2.3,1.23
16,Cade,m,s,2,5.78,1.8,0.92
16,Cade,m,s,2,5.96,1.9,0.84
16,Cade,m,s,2,6.13,1.79,0.65
16,Cade,m,s,2,7.52,2.3,1.04
16,Cade,m,s,2,6.59,2.41,0.93
16,Cade,m,s,2,5.83,2.69,0.95
16,Cade,m,s,2,5.08,2.43,1.04
16,Cade,m,s,2,5.75,1.76,0.75
16,Cade,m,s,2,5.96,2.36,0.79
16,Cade,m,s,2,6.5,2.23,0.78
16,Cade,m,s,2,6.2,2.35,0.99
16,Cade,m,s,2,6.84,1.58,0.74
16,Cade,m,s,2,6.72,2.48,1.11
16,Cade,m,s,2,5.63,2.39,0.76
16,Cade,m,s,2,6.3,2.55,0.8
16,Cade,m,s,2,5.72,2.52,1.09
16,Cade,m,s,2,6.59,1.8,0.65
16,Cade,m,s,2,5.5,1.7,1.05
16,Cade,m,s,2,6.17,2.16,0.72
16,Cade,m,s,2,5.77,1.79,0.78
16,Cade,m,s,2,6.61,2.11,0.85
16,Cade,m,s,2,5.04,2.01,0.88
16,Cade,m,s,2,5.21,3.02,0.92
16,Cade,m,s,2,6.32,2.19,0.95
16,Cade,m,s,2,5.8,1.63,0.55
16,Cade,m,s,2,5.71,3.25,0.74
16,Cade,m,s,2,4.93,1.63,0.69
16,Cade,m,s,2,4.26,2.58,0.89
16,Cade,m,s,2,4.74,2.19,1.03
16,Cade,m,s,2,4.79,1.41,0.73
16,Cade,m,s,2,4.06,1.6,0.73
16,Cade,m,s,2,4.85,2.09,0.89
16,Cade,m,s,2,5.07,2.68,0.94
16,Cade,m,s,2,5.28,2.37,0.87
16,Cade,m,s,2,4.88,2.14,0.73
16,Cade,m,s,2,5,1.43,0.63
16,Cade,m,s,2,5.17,1.44,0.73
16,Cade,m,s,2,4.49,2.3,0.97
16,Cade,m,s,2,4.47,1.81,0.61
16,Cade,m,s,2,5.36,1.75,0.74
16,Cade,m,s,2,4.85,1.52,0.66
16,Cade,m,s,2,5.17,2.32,0.81
16,Cade,m,s,2,5.47,2.44,0.81
16,Cade,m,s,2,4.59,1.66,0.51
16,Cade,m,s,2,4.31,1.99,0.99
19,Cade,l,n,2,36.58,15.09,1.1
19,Cade,l,n,2,32.01,13.07,1.76
19,Cade,l,n,2,31.29,12.43,1.36
19,Cade,l,n,2,32.45,12.29,1.67
19,Cade,l,n,2,25.55,10.8,1.45
19,Cade,l,n,2,19.21,6.89,1.4
19,Cade,l,n,2,23.69,9.61,1.14
19,Cade,l,n,2,17.1,6.6,1.08
19,Cade,l,n,2,16.64,3.96,1.19
19,Cade,l,n,2,13.89,8.72,1.21
19,Cade,l,n,2,14.69,6.53,1.12
19,Cade,l,n,2,19.8,3.72,1.08
19,Cade,l,n,2,13.07,4.44,0.89
19,Cade,l,n,2,16.26,4.87,1.32
19,Cade,l,n,2,11.5,6.5,1.59
19,Cade,l,n,2,16.61,4.39,0.87
19,Cade,l,n,2,12.53,4.95,0.86
19,Cade,l,n,2,13.64,4.57,0.94
19,Cade,l,n,2,20.16,5.58,1.57
19,Cade,l,n,2,21.21,5.39,0.91
19,Cade,l,n,2,16.28,4.52,1.74
19,Cade,l,n,2,11.35,6.79,1.45
19,Cade,l,n,2,13.51,4.54,0.89
19,Cade,l,n,2,11.83,4.81,1.49
19,Cade,l,n,2,12.29,3.64,0.91
19,Cade,l,n,2,19.44,4.5,1.41
19,Cade,l,n,2,13.36,4.77,0.97
19,Cade,l,n,2,8.04,4.11,1.33
19,Cade,l,n,2,9.76,4.47,1.07
19,Cade,l,n,2,10.04,1.75,0.69
19,Cade,l,n,2,15.77,4.99,1.11
19,Cade,l,n,2,10.46,3.08,0.77
19,Cade,l,n,2,11.05,2.84,1.36
19,Cade,l,n,2,8.67,4.83,1.17
19,Cade,l,n,2,16.47,4.37,1.05
19,Cade,l,n,2,13.65,2.28,0.93
19,Cade,l,n,2,13.11,4.28,0.94
19,Cade,l,n,2,11.03,4.82,1.53
19,Cade,l,n,2,12.16,4.07,1.46
19,Cade,l,n,2,21.38,6.48,1.44
19,Cade,l,n,2,7.56,3.44,1.26
19,Cade,l,n,2,7.48,2.8,2.18
19,Cade,l,n,2,14.89,1.75,0.85
19,Cade,l,n,2,14.93,3.1,0.75
19,Cade,l,n,2,9.57,3.44,1.24
19,Cade,l,n,2,6.7,2.18,0.91
19,Cade,l,n,2,12.87,1.88,0.73
19,Cade,l,n,2,9.31,2.13,0.89
19,Cade,l,n,2,6.97,3.19,0.93
19,Cade,l,n,2,12.39,2.84,0.73
19,Cade,l,n,2,9.18,3.99,1.27
19,Cade,l,n,2,10.48,1.41,0.78
19,Cade,l,n,2,8.17,2.06,0.78
19,Cade,l,n,2,4.01,2.73,0.89
19,Cade,l,n,2,7.19,3.66,1.1
19,Cade,l,n,2,9.81,1.91,0.86
19,Cade,l,n,2,8.83,3.09,1.34
19,Cade,l,n,2,8.72,3.59,0.89
19,Cade,l,n,2,6.63,3.83,0.87
19,Cade,l,n,2,7.82,2.89,0.78
19,Cade,l,n,2,8.55,2.67,0.74
19,Cade,l,n,2,7.6,2.62,1.32
19,Cade,l,n,2,9.17,1.77,0.92
19,Cade,l,n,2,10.92,2.28,0.8
19,Cade,l,n,2,5.3,2.57,1.04
19,Cade,l,n,2,7.59,2.71,0.74
19,Cade,l,n,2,10.78,4.05,0.98
19,Cade,l,n,2,7.4,2.82,0.97
19,Cade,l,n,2,9.81,4.85,1.24
19,Cade,l,n,2,11.16,1.68,0.74
19,Cade,l,n,2,12.21,2.52,0.95
19,Cade,l,n,2,10.27,3.33,1.01
19,Cade,l,n,2,9.59,2.84,0.75
19,Cade,l,n,2,9.98,1.66,0.81
19,Cade,l,n,2,8.14,2.15,0.67
19,Cade,l,n,2,9.83,2.09,0.86
19,Cade,l,n,2,7.14,2.77,0.87
19,Cade,l,n,2,5.93,1.97,1.11
19,Cade,l,n,2,6.84,3.32,1.1
19,Cade,l,n,2,7.79,1.54,0.86
19,Cade,l,n,2,6.59,3.1,1.7
19,Cade,l,n,2,5.25,2.63,0.96
19,Cade,l,n,2,10.67,1.56,0.71
19,Cade,l,n,2,8.75,1.74,0.83
19,Cade,l,n,2,8.02,2,0.67
19,Cade,l,n,2,10.37,1.86,0.88
19,Cade,l,n,2,6.86,2.31,1.16
19,Cade,l,n,2,12.07,1.91,0.87
19,Cade,l,n,2,9.08,2.05,0.83
19,Cade,l,n,2,7.49,1.75,0.9
19,Cade,l,n,2,6.56,2.51,0.86
19,Cade,l,n,2,8.6,1.69,0.9
19,Cade,l,n,2,7.57,1.76,0.69
19,Cade,l,n,2,7.5,2.46,1.08
19,Cade,l,n,2,7.39,1.75,0.73
19,Cade,l,n,2,7.58,3.14,0.92
19,Cade,l,n,2,7.82,3.5,0.94
19,Cade,l,n,2,6.13,1.57,0.88
19,Cade,l,n,2,7.94,1.51,0.93
19,Cade,l,n,2,7.31,1.27,0.86
19,Cade,l,n,2,8.03,1.68,0.69
19,Cade,l,n,2,8.18,2.45,0.89
19,Cade,l,n,2,6.5,1.4,0.61
19,Cade,l,n,2,6.34,1.78,0.65
19,Cade,l,n,2,5.36,2.1,0.68
19,Cade,l,n,2,5.73,1.5,0.67
19,Cade,l,n,2,6.73,1.87,0.71
19,Cade,l,n,2,6.41,2.5,0.94
19,Cade,l,n,2,6.12,2.24,1.09
19,Cade,l,n,2,7.17,2.99,0.72
19,Cade,l,n,2,7.28,1.94,0.82
19,Cade,l,n,2,6.31,2.26,1.38
19,Cade,l,n,2,5.54,1.91,0.67
19,Cade,l,n,2,4.67,1.83,0.86
19,Cade,l,n,2,6.58,1.82,0.73
19,Cade,l,n,2,5.92,2.84,0.78
19,Cade,l,n,2,5.43,3.31,1.13
19,Cade,l,n,2,6.69,1.74,0.95
19,Cade,l,n,2,7.67,1.85,0.79
19,Cade,l,n,2,6.99,1.87,0.83
19,Cade,l,n,2,5.52,1.74,0.79
19,Cade,l,n,2,6.77,1.92,0.69
19,Cade,l,n,2,5.48,2.65,1.12
19,Cade,l,n,2,6.14,3.32,0.96
19,Cade,l,n,2,6.73,1.62,0.87
19,Cade,l,n,2,7.44,4.72,0.88
19,Cade,l,n,2,7.81,1.75,0.78
19,Cade,l,n,2,8.13,2.23,0.82
19,Cade,l,n,2,5.45,2.42,1.13
19,Cade,l,n,2,8.29,4.08,0.85
19,Cade,l,n,2,7.33,1.86,0.72
19,Cade,l,n,2,6.44,1.76,0.81
19,Cade,l,n,2,5.48,2.73,0.95
19,Cade,l,n,2,8.27,1.92,0.64
19,Cade,l,n,2,7.51,1.82,0.77
19,Cade,l,n,2,5.76,1.97,0.88
19,Cade,l,n,2,2.74,1.57,0.77
19,Cade,l,n,2,5.99,1.58,0.65
19,Cade,l,n,2,8.05,1.76,0.99
19,Cade,l,n,2,8.44,2.62,0.88
19,Cade,l,n,2,4.69,1.71,0.75
19,Cade,l,n,2,5.67,1.99,0.82
19,Cade,l,n,2,5.71,1.94,0.75
19,Cade,l,n,2,3.63,2.49,0.9
19,Cade,l,n,2,5.64,1.37,0.85
19,Cade,l,n,2,5.66,3.27,0.94
19,Cade,l,n,2,6.63,2.52,0.67
19,Cade,l,n,2,6.02,2.75,0.81
19,Cade,l,n,2,7.05,1.65,0.73
19,Cade,l,n,2,4.75,3.11,0.73
19,Cade,l,n,2,4.53,3,0.86
19,Cade,l,n,2,6.43,3.98,1.05
19,Cade,l,n,2,5.83,1.7,0.88
19,Cade,l,n,2,5.56,1.53,0.87
19,Cade,l,n,2,5.72,1.82,0.8
19,Cade,l,n,2,4.49,1.77,0.76
19,Cade,l,n,2,5.26,1.88,0.78
19,Cade,l,n,2,5.89,1.58,0.8
19,Cade,l,n,2,4.43,1.49,1.18
19,Cade,l,n,2,6.55,2.59,0.78
19,Cade,l,n,2,5.56,1.9,0.87
19,Cade,l,n,2,5.2,1.68,0.8
19,Cade,l,n,2,5.04,1.56,0.84
19,Cade,l,n,2,5.25,1.73,0.76
19,Cade,l,n,2,4.95,2.09,0.66
19,Cade,l,n,2,4.36,1.81,0.74
19,Cade,l,n,2,3.8,1.49,0.84
19,Cade,l,n,2,6.68,2,0.8
19,Cade,l,n,2,3.66,1.42,0.97
19,Cade,l,n,2,5.36,1.64,0.65
19,Cade,l,n,2,4.95,1.73,0.95
19,Cade,l,n,2,4.67,1.73,0.8
19,Cade,l,n,2,5.83,3.37,0.87
19,Cade,l,n,2,4.82,1.8,0.86
19,Cade,l,n,2,6,1.87,0.77
19,Cade,l,n,2,5.01,1.77,0.81
19,Cade,l,n,2,4.28,1.74,0.83
19,Cade,l,n,2,3.23,2.51,0.84
19,Cade,l,n,2,3.05,2.45,1.03
19,Cade,l,n,2,4.42,1.99,0.63
19,Cade,l,n,2,4.69,1.78,0.73
19,Cade,l,n,2,4.8,1.49,0.7
19,Cade,l,n,2,3.06,2.27,0.92
19,Cade,l,n,2,4.37,1.62,0.79
19,Cade,l,n,2,4.4,1.72,0.93
19,Cade,l,n,2,4.11,1.82,0.86
19,Cade,l,n,2,5.15,1.4,0.75
19,Cade,l,n,2,3.36,1.79,0.91
19,Cade,l,n,2,3.78,1.76,0.81
19,Cade,l,n,2,4.1,1.97,0.79
19,Cade,l,n,2,3.16,1.63,0.75
19,Cade,l,n,2,4.4,1.61,0.82
19,Cade,l,n,2,4.81,1.3,0.95
19,Cade,l,n,2,4.48,1.88,0.9
19,Cade,l,n,2,3.29,2.24,0.94
19,Cade,l,n,2,3.33,1.5,0.9
19,Cade,l,n,2,3.8,1.56,0.79
19,Cade,l,n,2,3.98,1.84,0.68
19,Cade,l,n,2,3.39,2.36,0.9
19,Cade,l,n,2,3.15,2.3,0.78
19,Cade,l,n,2,3.21,2.1,0.88
19,Cade,l,n,2,4,1.63,0.84
19,Cade,l,n,2,3.35,1.52,0.73
25,Segi,m,s,2,72.51,3.34,2.3
25,Segi,m,s,2,62.79,6.6,3.07
25,Segi,m,s,2,51.41,9.21,2.63
25,Segi,m,s,2,49.77,6.02,3.05
25,Segi,m,s,2,41.45,2.94,1.46
25,Segi,m,s,2,38.79,4.76,1.72
25,Segi,m,s,2,42.6,6.64,3.26
25,Segi,m,s,2,41.48,5.73,1.56
25,Segi,m,s,2,37.85,3.09,1.45
25,Segi,m,s,2,35.12,4.28,1.58
25,Segi,m,s,2,33.58,5.13,1.52
25,Segi,m,s,2,28.94,6.2,1.92
25,Segi,m,s,2,28.42,5.15,2.06
25,Segi,m,s,2,28.45,4.88,2.14
25,Segi,m,s,2,28.46,2.55,2
25,Segi,m,s,2,25.86,2.42,1.53
25,Segi,m,s,2,24.45,3.54,3.09
25,Segi,m,s,2,23.06,3.16,1.63
25,Segi,m,s,2,25.21,2.54,1.35
25,Segi,m,s,2,22.21,3.67,1.56
25,Segi,m,s,2,22.66,4.33,1.57
25,Segi,m,s,2,20.37,9.46,1.81
25,Segi,m,s,2,22.49,1.89,1.55
25,Segi,m,s,2,22.12,2.2,2.08
25,Segi,m,s,2,21.13,3.34,1.55
25,Segi,m,s,2,21.04,9.54,1.78
25,Segi,m,s,2,20.48,2.16,1.48
25,Segi,m,s,2,20.58,1.46,1.45
25,Segi,m,s,2,19.74,2.6,1.65
25,Segi,m,s,2,19.96,3.51,1.74
25,Segi,m,s,2,18.86,2.09,1.44
25,Segi,m,s,2,16.48,1.51,1.5
25,Segi,m,s,2,16.59,4.54,1.7
25,Segi,m,s,2,17.32,1.49,1.45
25,Segi,m,s,2,16.14,1.77,1.71
25,Segi,m,s,2,16.42,1.51,1.48
25,Segi,m,s,2,15.67,1.73,1.54
25,Segi,m,s,2,15.78,1.64,1.52
25,Segi,m,s,2,15.11,4.74,1.69
25,Segi,m,s,2,14.44,1.49,1.41
25,Segi,m,s,2,14.46,1.52,1.5
25,Segi,m,s,2,13.92,2.33,1.58
25,Segi,m,s,2,14.23,1.65,1.62
25,Segi,m,s,2,13.51,2.09,2.08
25,Segi,m,s,2,13.28,1.79,1.39
25,Segi,m,s,2,13.53,2.16,1.41
25,Segi,m,s,2,13.89,1.84,1.6
25,Segi,m,s,2,12.76,5.94,1.65
25,Segi,m,s,2,11.14,1.65,1.32
25,Segi,m,s,2,11.95,1.71,1.44
25,Segi,m,s,2,11.53,1.93,1.87
25,Segi,m,s,2,11.33,1.58,1.57
25,Segi,m,s,2,11.95,1.76,1.64
25,Segi,m,s,2,11.88,1.58,1.52
25,Segi,m,s,2,11.81,3.36,1.88
25,Segi,m,s,2,11.68,1.68,1.65
25,Segi,m,s,2,11.09,1.55,1.4
25,Segi,m,s,2,11.36,1.73,1.72
25,Segi,m,s,2,10.9,1.71,1.68
25,Segi,m,s,2,9.92,1.72,1.6
25,Segi,m,s,2,9.9,1.55,1.55
25,Segi,m,s,2,9.75,1.5,1.5
25,Segi,m,s,2,9.45,2.87,1.79
25,Segi,m,s,2,9.8,1.74,1.68
25,Segi,m,s,2,8.95,1.68,1.6
25,Segi,m,s,2,8.5,1.78,1.58
25,Segi,m,s,2,9.06,1.65,1.6
25,Segi,m,s,2,8.69,2.66,1.72
25,Segi,m,s,2,8.44,4.88,1.9
25,Segi,m,s,2,8.15,2.52,1.69
25,Segi,m,s,2,7.52,2.05,1.47
25,Segi,m,s,2,8.05,1.44,1.26
25,Segi,m,s,2,7.14,1.49,1.39
25,Segi,m,s,2,7.53,1.37,1.33
25,Segi,m,s,2,7.62,1.65,1.58
25,Segi,m,s,2,7.25,1.54,1.53
25,Segi,m,s,2,7.55,1.54,1.45
25,Segi,m,s,2,6.62,1.46,1.39
25,Segi,m,s,2,6.49,2.52,1.75
25,Segi,m,s,2,6.1,2.05,1.62
25,Segi,m,s,2,6.4,1.66,1.5
25,Segi,m,s,2,6.35,2.16,1.77
25,Segi,m,s,2,6.52,1.75,1.31
25,Segi,m,s,2,5.98,2.43,1.77
25,Segi,m,s,2,6.34,1.35,1.11
25,Segi,m,s,2,6.6,2.33,1.66
25,Segi,m,s,2,5.83,1.69,1.07
25,Segi,m,s,2,5.95,2.52,1.72
25,Segi,m,s,2,5.84,1.62,1.55
25,Segi,m,s,2,5.75,1.69,1.68
25,Segi,m,s,2,6.02,1.91,1.31
25,Segi,m,s,2,6.13,1.55,1.29
25,Segi,m,s,2,4.87,1.57,1.41
25,Segi,m,s,2,5.42,1.46,1.41
25,Segi,m,s,2,5.39,1.71,1.56
25,Segi,m,s,2,5.15,1.6,1.34
25,Segi,m,s,2,4.6,1.58,1.31
25,Segi,m,s,2,5.3,1.55,1.15
25,Segi,m,s,2,4.82,1.7,1.54
25,Segi,m,s,2,4.95,1.83,1.5
25,Segi,m,s,2,4.32,1.43,1.42
25,Segi,m,s,2,4.65,1.57,1.53
27,Segi,m,n,2,93.45,18.18,5.4
27,Segi,m,n,2,85.85,10.54,2.36
27,Segi,m,n,2,47.11,5.38,3.11
27,Segi,m,n,2,41.55,7.2,1.87
27,Segi,m,n,2,38.95,1.55,1.55
27,Segi,m,n,2,36.92,8.62,1.71
27,Segi,m,n,2,34.9,3.47,1.92
27,Segi,m,n,2,31.53,1.61,1.47
27,Segi,m,n,2,30.8,1.81,1.31
27,Segi,m,n,2,29.19,1.65,1.44
27,Segi,m,n,2,26.77,1.47,1.41
27,Segi,m,n,2,25.11,3.68,1.87
27,Segi,m,n,2,24.34,2.61,1.71
27,Segi,m,n,2,23.9,2.63,1.8
27,Segi,m,n,2,23.05,2.77,2.17
27,Segi,m,n,2,21.53,1.44,1.42
27,Segi,m,n,2,18.43,1.39,1.32
27,Segi,m,n,2,18.15,1.78,1.54
27,Segi,m,n,2,16.16,2.11,1.32
27,Segi,m,n,2,12.83,1.5,1.47
27,Segi,m,n,2,12.22,1.42,1.31
27,Segi,m,n,2,12.93,1.4,1.33
27,Segi,m,n,2,13.08,1.68,1.39
27,Segi,m,n,2,12.99,1.53,1.44
27,Segi,m,n,2,12.89,3.37,2.1
27,Segi,m,n,2,12.12,1.8,1.53
27,Segi,m,n,2,12.11,1.43,1.31
27,Segi,m,n,2,12.39,1.27,1.18
27,Segi,m,n,2,10.58,2.12,1.48
27,Segi,m,n,2,10.39,1.35,1.3
27,Segi,m,n,2,10.88,1.69,1.36
27,Segi,m,n,2,11.47,1.58,1.46
27,Segi,m,n,2,9.86,1.42,1.27
27,Segi,m,n,2,9.57,1.3,1.18
27,Segi,m,n,2,9.67,1.71,1.58
27,Segi,m,n,2,7.78,1.46,1.36
27,Segi,m,n,2,6.77,1.25,1.18
27,Segi,m,n,2,6.77,1.24,1
27,Segi,m,n,2,6.19,1.35,1.28
27,Segi,m,n,2,6.6,1.51,1.35
27,Segi,m,n,2,5.71,1.68,1.38
27,Segi,m,n,2,5.86,1.41,1.18
27,Segi,m,n,2,5.95,1.21,1.17
27,Segi,m,n,2,5.24,1.47,1.37
30,Segi,l,s,2,105.37,24.13,5.06
30,Segi,l,s,2,74.6,18.48,6.98
30,Segi,l,s,2,67.85,10.51,4.1
30,Segi,l,s,2,43.03,7.68,1.93
30,Segi,l,s,2,38.76,16.92,2.12
30,Segi,l,s,2,31.69,3.37,1.9
30,Segi,l,s,2,26.58,2.91,1.83
30,Segi,l,s,2,21.22,4.19,2.45
30,Segi,l,s,2,18.38,2.37,1.75
30,Segi,l,s,2,13.39,1.39,1.28
30,Segi,l,s,2,10.82,1.39,1.22
31,Segi,l,n,2,61.05,8.66,1.98
31,Segi,l,n,2,51.97,9.48,3.02
31,Segi,l,n,2,51.32,16.44,2.29
31,Segi,l,n,2,47.56,14.45,1.99
31,Segi,l,n,2,41.8,11.13,3.6
31,Segi,l,n,2,40.43,5.64,1.95
31,Segi,l,n,2,29.76,12.23,3.68
31,Segi,l,n,2,24.71,5.88,1.75
31,Segi,l,n,2,28.74,4.46,1.96
31,Segi,l,n,2,25.81,3.45,1.57
31,Segi,l,n,2,23.35,4.57,2.12
31,Segi,l,n,2,26.34,7.81,2.34
31,Segi,l,n,2,26.13,3.26,1.59
31,Segi,l,n,2,22.63,3.33,1.65
31,Segi,l,n,2,19.2,1.91,1.84
31,Segi,l,n,2,13.94,2.82,1.61
31,Segi,l,n,2,15.13,1.95,1.71
31,Segi,l,n,2,15.09,2.17,1.81
31,Segi,l,n,2,15.15,2.7,1.55
31,Segi,l,n,2,13.88,2.77,1.98
31,Segi,l,n,2,12.14,2.13,1.93
31,Segi,l,n,2,12.71,3.12,1.99
31,Segi,l,n,2,12.33,2.31,2.14
31,Segi,l,n,2,12.12,1.72,1.69
31,Segi,l,n,2,11.89,2.23,1.66
31,Segi,l,n,2,13.51,2.35,1.7
31,Segi,l,n,2,11.6,2.92,1.6
31,Segi,l,n,2,9.71,5.17,1.58
31,Segi,l,n,2,12.68,5.56,2.54
31,Segi,l,n,2,13.51,4.06,2.27
31,Segi,l,n,2,6.51,1.7,1.46
31,Segi,l,n,2,8.2,3.63,1.73
31,Segi,l,n,2,5.81,2.37,2.12
31,Segi,l,n,2,5.87,2.01,1.64
31,Segi,l,n,2,4.96,2,1.95
38,Abco,m,n,2,107.84,13.79,2.13
38,Abco,m,n,2,61.6,2.96,1.66
38,Abco,m,n,2,49.07,2.05,1.75
38,Abco,m,n,2,31.97,4.23,1.55
38,Abco,m,n,2,22.93,3.06,1.43
38,Abco,m,n,2,22.19,12.65,0.71
38,Abco,m,n,2,25.96,3.69,0.71
38,Abco,m,n,2,18.5,5.06,2.67
38,Abco,m,n,2,16.14,4.49,1.28
38,Abco,m,n,2,27.24,1.68,0.83
38,Abco,m,n,2,25.61,1.62,0.56
38,Abco,m,n,2,26.96,1.65,0.59
38,Abco,m,n,2,27.52,1.66,0.62
38,Abco,m,n,2,25.93,1.64,0.6
38,Abco,m,n,2,24.76,1.58,0.63
38,Abco,m,n,2,24.52,1.64,0.55
38,Abco,m,n,2,25.13,1.58,0.88
38,Abco,m,n,2,24.95,1.44,1.35
38,Abco,m,n,2,24.75,1.65,0.8
38,Abco,m,n,2,24.05,1.4,0.43
38,Abco,m,n,2,20.74,1.6,0.56
38,Abco,m,n,2,24.04,1.44,0.48
38,Abco,m,n,2,21.34,1.59,0.58
38,Abco,m,n,2,20.7,1.57,0.77
38,Abco,m,n,2,21.74,1.65,1
38,Abco,m,n,2,20.27,1.28,0.74
38,Abco,m,n,2,20.18,1.63,0.89
38,Abco,m,n,2,20.95,1.6,0.7
38,Abco,m,n,2,20.68,1.63,0.74
38,Abco,m,n,2,20.04,1.55,0.77
38,Abco,m,n,2,21.22,2.45,1
38,Abco,m,n,2,20.24,1.6,0.61
38,Abco,m,n,2,18.35,1.8,0.69
38,Abco,m,n,2,18.32,1.58,0.67
38,Abco,m,n,2,17.94,1.51,0.68
38,Abco,m,n,2,17.75,1.52,0.82
38,Abco,m,n,2,19.06,1.67,0.71
38,Abco,m,n,2,20.05,1.6,0.73
38,Abco,m,n,2,17.17,1.47,0.61
38,Abco,m,n,2,17.22,1.58,0.86
38,Abco,m,n,2,19.75,1.58,0.8
38,Abco,m,n,2,16.01,1.48,0.75
38,Abco,m,n,2,17.01,1.59,0.71
38,Abco,m,n,2,17.33,1.46,0.7
38,Abco,m,n,2,16.06,1.54,0.76
38,Abco,m,n,2,15.93,1.55,0.84
38,Abco,m,n,2,17.78,1.58,0.72
38,Abco,m,n,2,17.18,1.58,0.69
38,Abco,m,n,2,17.63,1.59,0.72
38,Abco,m,n,2,17.24,1.61,0.77
38,Abco,m,n,2,16.59,1.65,0.69
38,Abco,m,n,2,16.61,1.45,0.84
38,Abco,m,n,2,16.38,1.55,0.66
38,Abco,m,n,2,14.42,1.5,0.73
38,Abco,m,n,2,16.24,1.43,0.81
38,Abco,m,n,2,17.09,1.44,0.67
38,Abco,m,n,2,15.42,1.53,0.44
38,Abco,m,n,2,14.94,1.41,0.62
38,Abco,m,n,2,15.75,1.44,0.68
38,Abco,m,n,2,13.74,1.4,0.69
38,Abco,m,n,2,15.92,1.6,0.83
38,Abco,m,n,2,15.18,1.58,0.67
38,Abco,m,n,2,16.28,1.56,0.5
38,Abco,m,n,2,15.91,1.42,0.73
38,Abco,m,n,2,14.84,1.4,0.81
38,Abco,m,n,2,14.73,1.48,0.69
38,Abco,m,n,2,14.32,1.61,0.72
38,Abco,m,n,2,13.73,1.55,0.79
38,Abco,m,n,2,14.97,1.59,0.58
38,Abco,m,n,2,14.92,1.58,0.62
38,Abco,m,n,2,14.29,1.45,0.84
38,Abco,m,n,2,16.44,1.57,0.72
38,Abco,m,n,2,16.04,1.46,0.74
38,Abco,m,n,2,15.72,1.45,0.74
38,Abco,m,n,2,16,1.33,0.61
38,Abco,m,n,2,16.6,1.49,0.81
38,Abco,m,n,2,17.15,1.61,0.76
38,Abco,m,n,2,14.86,1.35,0.7
38,Abco,m,n,2,17.36,1.63,0.76
38,Abco,m,n,2,16.19,1.52,0.75
38,Abco,m,n,2,16.45,1.17,0.58
38,Abco,m,n,2,15.9,1.23,0.66
38,Abco,m,n,2,14.63,1.53,0.75
38,Abco,m,n,2,14.58,1.52,0.79
38,Abco,m,n,2,14.48,1.37,0.8
38,Abco,m,n,2,14.42,1.52,0.7
38,Abco,m,n,2,14.38,1.59,0.63
38,Abco,m,n,2,13.11,1.41,0.75
38,Abco,m,n,2,13.81,1.53,0.61
38,Abco,m,n,2,13.28,1.47,0.7
38,Abco,m,n,2,14.43,1.61,0.58
38,Abco,m,n,2,13.68,1.6,0.75
38,Abco,m,n,2,14.1,1.53,0.73
38,Abco,m,n,2,12.45,1.44,0.79
38,Abco,m,n,2,14.09,1.32,0.79
38,Abco,m,n,2,13.97,1.36,0.7
38,Abco,m,n,2,14.56,1.22,0.62
38,Abco,m,n,2,12.66,1.47,0.76
38,Abco,m,n,2,13.56,1.45,0.67
38,Abco,m,n,2,14.02,1.47,0.63
38,Abco,m,n,2,12.92,1.47,0.8
38,Abco,m,n,2,13.06,1.41,0.69
38,Abco,m,n,2,13.45,1.34,0.81
38,Abco,m,n,2,13.24,1.51,0.73
38,Abco,m,n,2,13.66,1.39,0.63
38,Abco,m,n,2,13.13,1.37,0.69
38,Abco,m,n,2,12.49,1.27,0.56
38,Abco,m,n,2,11.32,1.43,0.78
38,Abco,m,n,2,12.93,1.43,0.79
38,Abco,m,n,2,12.7,1.34,0.58
38,Abco,m,n,2,12.6,1.5,0.65
38,Abco,m,n,2,12.97,1.27,0.8
38,Abco,m,n,2,12.04,1.58,0.54
38,Abco,m,n,2,13.06,1.47,0.72
38,Abco,m,n,2,12.86,1.33,0.75
38,Abco,m,n,2,12.37,1.57,0.66
38,Abco,m,n,2,11.31,1.2,0.76
38,Abco,m,n,2,11.17,1.13,0.67
38,Abco,m,n,2,10.71,1.31,0.7
38,Abco,m,n,2,11.06,1.36,0.48
38,Abco,m,n,2,11.64,1.37,0.73
38,Abco,m,n,2,10.63,1.61,0.77
38,Abco,m,n,2,10.74,1.58,0.77
38,Abco,m,n,2,10.05,1.43,0.48
38,Abco,m,n,2,11.64,1.26,0.51
38,Abco,m,n,2,9.48,1.27,0.44
38,Abco,m,n,2,10.51,1.22,0.63
38,Abco,m,n,2,9.16,1.43,0.59
38,Abco,m,n,2,10.24,1.41,0.74
38,Abco,m,n,2,10.03,1.44,0.67
38,Abco,m,n,2,10.01,1.34,0.68
38,Abco,m,n,2,9.26,1.37,0.74
38,Abco,m,n,2,10.15,1.45,0.73
38,Abco,m,n,2,10.45,1.2,0.4
38,Abco,m,n,2,10.62,1.45,0.61
38,Abco,m,n,2,10,1.52,0.76
38,Abco,m,n,2,9.76,1.57,0.84
38,Abco,m,n,2,10.14,1.2,0.5
38,Abco,m,n,2,9.36,1,0.81
38,Abco,m,n,2,10.66,1.38,0.57
38,Abco,m,n,2,9.52,1.28,0.71
38,Abco,m,n,2,8.72,1.38,0.59
38,Abco,m,n,2,9.15,1.19,0.56
38,Abco,m,n,2,8.66,1.47,0.72
38,Abco,m,n,2,10.66,1.28,0.82
38,Abco,m,n,2,9.43,1.44,0.64
38,Abco,m,n,2,8.51,1.07,0.75
38,Abco,m,n,2,8.53,1.55,0.87
38,Abco,m,n,2,8.47,1.53,0.73
38,Abco,m,n,2,7.57,1.55,0.7
38,Abco,m,n,2,9.13,1.2,0.59
38,Abco,m,n,2,8.34,1.34,0.53
38,Abco,m,n,2,8.32,1.23,0.64
38,Abco,m,n,2,8.97,1.56,0.73
38,Abco,m,n,2,7.92,1.26,0.74
38,Abco,m,n,2,8.36,1.02,0.64
38,Abco,m,n,2,6.83,0.67,0.44
38,Abco,m,n,2,8.22,1.31,0.57
38,Abco,m,n,2,8.3,0.73,0.49
38,Abco,m,n,2,7.24,1.33,0.64
38,Abco,m,n,2,6.54,1.57,0.55
38,Abco,m,n,2,7.01,1.26,0.63
38,Abco,m,n,2,6.34,1.7,0.66
38,Abco,m,n,2,6.14,1.28,0.53
38,Abco,m,n,2,4.86,1.54,0.69
38,Abco,m,n,2,5.29,1.58,0.84
38,Abco,m,n,2,6.44,1.17,0.68
38,Abco,m,n,2,6.94,1.15,0.59
38,Abco,m,n,2,5.34,1.59,0.81
38,Abco,m,n,2,5.5,1.35,0.74
38,Abco,m,n,2,4.79,1.6,0.67
38,Abco,m,n,2,7.43,0.87,0.49
38,Abco,m,n,2,5.78,0.93,0.59
38,Abco,m,n,2,4.45,1.52,0.72
38,Abco,m,n,2,4.92,1.26,0.54
38,Abco,m,n,2,4.51,1.16,0.52
38,Abco,m,n,2,5.22,1.38,0.78
38,Abco,m,n,2,4.73,1.16,0.76
38,Abco,m,n,2,4.45,1.58,0.59
38,Abco,m,n,2,3.21,1.55,0.77
38,Abco,m,n,2,3.41,1.64,0.74
40,Abco,m,s,2,64.76,14.62,4.02
40,Abco,m,s,2,46.34,17.41,4.98
40,Abco,m,s,2,41.44,28.53,7.31
40,Abco,m,s,2,26.26,23.66,5.49
40,Abco,m,s,2,28.8,10.74,2.63
40,Abco,m,s,2,24.51,5.8,1.2
40,Abco,m,s,2,21.3,5.91,2.09
40,Abco,m,s,2,26.52,2.09,1
40,Abco,m,s,2,25.22,2.09,1
40,Abco,m,s,2,24.55,1.96,1.04
40,Abco,m,s,2,23.73,2.12,0.94
40,Abco,m,s,2,22.77,2,0.94
40,Abco,m,s,2,23.62,1.84,0.79
40,Abco,m,s,2,21.09,1.66,0.82
40,Abco,m,s,2,21.71,2.01,0.89
40,Abco,m,s,2,23.99,2.04,0.99
40,Abco,m,s,2,20.1,1.68,0.95
40,Abco,m,s,2,20.85,1.68,0.76
40,Abco,m,s,2,20.71,1.69,0.99
40,Abco,m,s,2,20.24,1.49,0.51
40,Abco,m,s,2,19.49,1.86,0.81
40,Abco,m,s,2,19.13,1.72,0.95
40,Abco,m,s,2,19.5,1.73,0.86
40,Abco,m,s,2,19.43,1.67,0.68
40,Abco,m,s,2,19.93,1.63,0.69
40,Abco,m,s,2,20.66,1.77,0.79
40,Abco,m,s,2,18.8,1.81,0.83
40,Abco,m,s,2,17.85,1.62,0.65
40,Abco,m,s,2,18.52,1.63,0.67
40,Abco,m,s,2,18.4,1.72,0.79
40,Abco,m,s,2,19.76,1.82,0.84
40,Abco,m,s,2,18.86,1.89,0.95
40,Abco,m,s,2,20.09,1.63,0.69
40,Abco,m,s,2,19.63,1.84,0.97
40,Abco,m,s,2,18.57,1.65,0.75
40,Abco,m,s,2,19.05,1.81,0.85
40,Abco,m,s,2,20,1.58,0.65
40,Abco,m,s,2,18.87,1.82,0.88
40,Abco,m,s,2,19.61,1.75,0.75
40,Abco,m,s,2,19.17,1.68,0.72
40,Abco,m,s,2,19.05,1.7,0.82
40,Abco,m,s,2,19,1.76,0.85
40,Abco,m,s,2,18.19,1.64,0.88
40,Abco,m,s,2,18.28,1.75,0.87
40,Abco,m,s,2,18.41,1.85,0.91
40,Abco,m,s,2,17.93,1.66,0.71
40,Abco,m,s,2,17.85,1.64,0.78
40,Abco,m,s,2,18.39,1.79,1.01
40,Abco,m,s,2,17.29,1.73,0.81
40,Abco,m,s,2,17.27,1.58,0.72
40,Abco,m,s,2,16.39,1.64,0.72
40,Abco,m,s,2,18.1,1.87,0.95
40,Abco,m,s,2,16.87,1.67,0.71
40,Abco,m,s,2,15.75,1.59,0.71
40,Abco,m,s,2,15.9,1.59,0.73
40,Abco,m,s,2,16.43,1.54,0.78
40,Abco,m,s,2,15.55,1.81,0.77
40,Abco,m,s,2,15.96,1.69,0.84
40,Abco,m,s,2,16.3,1.74,0.92
40,Abco,m,s,2,16.16,1.47,0.69
40,Abco,m,s,2,15.96,1.68,0.7
40,Abco,m,s,2,15.45,1.53,0.64
40,Abco,m,s,2,15.89,1.72,0.8
40,Abco,m,s,2,15.3,1.46,0.68
40,Abco,m,s,2,14.26,1.79,0.92
40,Abco,m,s,2,13.42,1.44,0.78
40,Abco,m,s,2,14.25,1.77,1.01
40,Abco,m,s,2,12.57,1.69,0.82
40,Abco,m,s,2,13.95,1.44,0.76
40,Abco,m,s,2,12.58,1.77,0.86
40,Abco,m,s,2,12.03,1.52,0.75
40,Abco,m,s,2,11.6,1.83,0.94
40,Abco,m,s,2,10.86,1.78,0.89
40,Abco,m,s,2,11.84,1.27,0.76
40,Abco,m,s,2,9.46,1.79,0.82
40,Abco,m,s,2,7.43,1.6,0.79
40,Abco,m,s,2,6.73,1.09,0.4
40,Abco,m,s,2,5.65,1.38,0.72
42,Abco,l,s,2,78.09,29.93,5.91
too much dirt,,,,2,22.77,4.14,2.58
42,Abco,l,s,2,30.5,3.44,3.4
42,Abco,l,s,2,28.96,1.98,1
42,Abco,l,s,2,29.4,2.24,1.18
42,Abco,l,s,2,28.16,2.07,1.14
42,Abco,l,s,2,25.01,2.25,1.09
42,Abco,l,s,2,23.34,2.01,1.25
42,Abco,l,s,2,23.65,2.05,0.9
42,Abco,l,s,2,24.29,1.94,1.11
42,Abco,l,s,2,24.23,2,1.02
42,Abco,l,s,2,22.33,1.98,1.04
42,Abco,l,s,2,20.97,1.97,1.09
42,Abco,l,s,2,21.67,1.99,1
42,Abco,l,s,2,20.66,1.96,1
42,Abco,l,s,2,21.14,1.96,1.15
42,Abco,l,s,2,20.06,2,1.13
42,Abco,l,s,2,19.43,1.99,1.06
42,Abco,l,s,2,20.01,2.04,1.3
42,Abco,l,s,2,19.32,1.78,0.95
42,Abco,l,s,2,19.28,1.89,1.15
42,Abco,l,s,2,19.42,1.76,1.14
42,Abco,l,s,2,17.83,1.9,1.26
42,Abco,l,s,2,17.26,1.92,1.09
42,Abco,l,s,2,18.16,1.92,1.28
42,Abco,l,s,2,17.93,1.78,0.97
42,Abco,l,s,2,19.34,1.84,1.02
42,Abco,l,s,2,18.48,1.98,1.11
42,Abco,l,s,2,15.87,1.78,0.9
42,Abco,l,s,2,16.21,1.85,1.13
42,Abco,l,s,2,16.5,1.75,1.1
42,Abco,l,s,2,16.47,2.02,1.07
42,Abco,l,s,2,15.48,1.88,1.22
42,Abco,l,s,2,17.86,2.03,1.38
42,Abco,l,s,2,15.34,1.84,1.12
42,Abco,l,s,2,14.49,1.8,1.18
42,Abco,l,s,2,15.89,1.78,1.03
42,Abco,l,s,2,14.73,1.84,1.14
42,Abco,l,s,2,15.36,1.87,1.18
42,Abco,l,s,2,14.05,1.88,1.22
42,Abco,l,s,2,13.96,1.84,1.2
42,Abco,l,s,2,15.76,1.94,1.31
42,Abco,l,s,2,14.28,1.95,0.94
42,Abco,l,s,2,14.83,1.86,1
42,Abco,l,s,2,14.72,1.99,0.97
42,Abco,l,s,2,13.91,1.93,1.54
42,Abco,l,s,2,13.23,1.75,1.05
42,Abco,l,s,2,12.78,1.73,1.01
42,Abco,l,s,2,12.25,1.87,1.14
42,Abco,l,s,2,11.05,1.37,1.02
42,Abco,l,s,2,10.26,1.89,1.28
42,Abco,l,s,2,11.44,1.75,0.97
42,Abco,l,s,2,10.2,1.98,1.11
42,Abco,l,s,2,8.13,1.95,1.39
42,Abco,l,s,2,6.5,1.7,0.87
42,Abco,l,s,2,5.53,1.54,1.05
42,Abco,l,s,2,5.94,1.82,1.26
42,Abco,l,s,2,6.03,1.49,0.91
44,Abco,l,n,2,35.07,29.66,2.68
44,Abco,l,n,2,37.16,18.18,3.81
44,Abco,l,n,2,23.18,24.53,2.39
44,Abco,l,n,2,23.25,28.9,4.37
44,Abco,l,n,2,29.75,2.16,0.98
44,Abco,l,n,2,31.02,2.03,0.86
44,Abco,l,n,2,22.29,1.96,0.94
44,Abco,l,n,2,26.53,2.08,0.89
44,Abco,l,n,2,28.01,2.01,0.99
44,Abco,l,n,2,22.25,1.89,0.93
44,Abco,l,n,2,26.86,2.2,1.05
44,Abco,l,n,2,24.35,1.95,0.99
44,Abco,l,n,2,28.22,2.07,0.79
44,Abco,l,n,2,29.4,1.97,0.91
44,Abco,l,n,2,26.04,2.06,0.73
44,Abco,l,n,2,17.26,1.82,0.92
44,Abco,l,n,2,24.82,2.11,0.99
44,Abco,l,n,2,25.85,3.71,1.11
44,Abco,l,n,2,19.86,2.85,1.56
44,Abco,l,n,2,24.17,1.91,0.77
44,Abco,l,n,2,21.03,1.83,0.86
44,Abco,l,n,2,21.44,1.78,0.74
44,Abco,l,n,2,14.21,1.41,0.75
44,Abco,l,n,2,25.74,1.92,0.84
44,Abco,l,n,2,25.76,1.85,1.09
44,Abco,l,n,2,20.16,1.84,0.74
44,Abco,l,n,2,14.12,1.8,1.05
44,Abco,l,n,2,18.98,1.8,0.78
44,Abco,l,n,2,17.43,1.76,0.77
44,Abco,l,n,2,27.41,2.1,0.88
44,Abco,l,n,2,22.74,2.13,0.92
44,Abco,l,n,2,24.88,2.04,0.96
44,Abco,l,n,2,25.74,1.94,0.87
44,Abco,l,n,2,19.91,1.89,0.92
44,Abco,l,n,2,9.02,1.42,0.9
44,Abco,l,n,2,26.1,1.89,0.98
44,Abco,l,n,2,25.28,1.93,0.99
44,Abco,l,n,2,30.67,2.05,0.86
44,Abco,l,n,2,16.86,1.92,0.95
44,Abco,l,n,2,12.74,1.66,0.89
44,Abco,l,n,2,14.15,1.42,0.71
44,Abco,l,n,2,18.09,1.91,0.9
44,Abco,l,n,2,26.11,2.17,0.87
44,Abco,l,n,2,31.66,5.95,1.75
44,Abco,l,n,2,29.58,2.01,0.93
44,Abco,l,n,2,30.13,2.11,0.98
44,Abco,l,n,2,31.21,2.02,0.94
44,Abco,l,n,2,29.21,3.49,1.32
44,Abco,l,n,2,28.83,1.96,1.23
44,Abco,l,n,2,26.64,2.2,0.96
44,Abco,l,n,2,27.03,1.98,0.86
44,Abco,l,n,2,23.94,1.92,0.93
44,Abco,l,n,2,22.55,1.86,0.81
44,Abco,l,n,2,19.33,2.47,2.36
44,Abco,l,n,2,21.42,2.08,0.93
44,Abco,l,n,2,24.78,1.98,0.76
44,Abco,l,n,2,23.81,1.94,0.82
44,Abco,l,n,2,20.64,2.01,1.04
44,Abco,l,n,2,21.61,1.98,0.87
44,Abco,l,n,2,20.44,1.68,0.85
44,Abco,l,n,2,21.67,1.89,0.83
44,Abco,l,n,2,20.96,1.63,0.76
44,Abco,l,n,2,18.56,1.78,0.76
44,Abco,l,n,2,16.3,1.77,0.84
44,Abco,l,n,2,16.43,1.68,0.84
44,Abco,l,n,2,15.78,1.97,0.91
44,Abco,l,n,2,13.94,1.57,0.66
44,Abco,l,n,2,13.09,1.84,0.75
44,Abco,l,n,2,16.43,3.86,0.8
44,Abco,l,n,2,11.55,1.5,0.85
44,Abco,l,n,2,12.17,1.73,0.93
44,Abco,l,n,2,12.74,1.58,0.86
44,Abco,l,n,2,9.49,1.8,0.89
44,Abco,l,n,2,9.09,1.76,0.74
44,Abco,l,n,2,7.85,1.76,0.84
44,Abco,l,n,2,6.53,1.34,0.89
44,Abco,l,n,2,5.91,1.44,0.68
44,Abco,l,n,2,5.77,1.68,0.6
50,Pije,m,n,2,194,8.23,2.43
50,Pije,m,n,2,211,6.87,3.62
50,Pije,m,n,2,185,8.87,2.39
50,Pije,m,n,2,186,7.25,2.6
50,Pije,m,n,2,163,15.3,4.7
50,Pije,m,n,2,197,7.74,2.76
50,Pije,m,n,2,200,9.17,1.56
50,Pije,m,n,2,98,1.61,0.87
50,Pije,m,n,2,72,1.57,1.09
50,Pije,m,n,2,65,1.51,0.9
50,Pije,m,n,2,61,1.45,0.84
50,Pije,m,n,2,18,1.53,0.91
50,Pije,m,n,2,20,1.61,0.77
50,Pije,m,n,2,29,1.46,0.83
50,Pije,m,n,2,14,2.08,0.86
50,Pije,m,n,2,17,1.34,0.89
50,Pije,m,n,2,17,1.71,0.78
50,Pije,m,n,2,18,1.48,0.83
50,Pije,m,n,2,17,1.4,0.73
50,Pije,m,n,2,16,1.46,0.79
50,Pije,m,n,2,14,1.26,0.53
50,Pije,m,n,2,12,1.24,0.77
50,Pije,m,n,2,6,1.17,0.63
50,Pije,m,n,2,8,7.4,0.69
50,Pije,m,n,2,6,0.91,0.46
50,Pije,m,n,2,6,1.87,1.54
50,Pije,m,n,2,8,1.37,0.91
50,Pije,m,n,2,6,0.8,0.54
50,Pije,m,n,2,5,0.74,0.59
50,Pije,m,n,2,4,0.8,0.42
50,Pije,m,n,2,6,0.6,0.49
50,Pije,m,n,2,5,0.84,0.56
50,Pije,m,n,2,6,1.33,0.59
50,Pije,m,n,2,7,0.77,0.49
50,Pije,m,n,2,5,0.74,0.52
50,Pije,m,n,2,5,1.4,0.69
50,Pije,m,n,2,5,0.46,0.24
50,Pije,m,n,2,4,0.73,0.54
52,Pije,m,s,2,95,1.34,0.73
52,Pije,m,s,2,161,3.66,0.71
52,Pije,m,s,2,167,5.83,2.68
52,Pije,m,s,2,116,1.62,0.9
52,Pije,m,s,2,169,3.83,2.16
52,Pije,m,s,2,211,17.97,6.33
52,Pije,m,s,2,19,0.62,0.52
52,Pije,m,s,2,8,1.58,0.73
52,Pije,m,s,2,5,1.16,1.05
52,Pije,m,s,2,10,1.38,0.75
52,Pije,m,s,2,9,0.89,0.68
52,Pije,m,s,2,9,1.24,0.84
52,Pije,m,s,2,4,1.07,0.61
55,Pije,l,n,2,170,3.77,1.84
55,Pije,l,n,2,116,3.16,1.28
55,Pije,l,n,2,167,2.78,1.25
55,Pije,l,n,2,170,2.96,2.03
55,Pije,l,n,2,167,3.85,2.53
55,Pije,l,n,2,202,3.85,1.59
55,Pije,l,n,2,148,2.5,0.93
55,Pije,l,n,2,140,3.7,1.69
55,Pije,l,n,2,175,3.99,1.27
55,Pije,l,n,2,80,3.6,1.56
55,Pije,l,n,2,64,1.91,0.97
55,Pije,l,n,2,49,1.53,1.08
55,Pije,l,n,2,50,1.19,1.01
55,Pije,l,n,2,14,1.22,1.01
55,Pije,l,n,2,42,1.03,0.82
55,Pije,l,n,2,210,1.15,0.77
55,Pije,l,n,2,30,0.91,0.74
55,Pije,l,n,2,21,0.95,0.78
55,Pije,l,n,2,150,1.09,0.81
55,Pije,l,n,2,9,0.84,0.7
55,Pije,l,n,2,14,1.75,1.57
55,Pije,l,n,2,8,0.57,1.3
55,Pije,l,n,2,8,1.13,0.8
61,Pipo,m,s,2,197,4.61,2.03
61,Pipo,m,s,2,205,16.04,2.52
61,Pipo,m,s,2,181,14.91,2.34
61,Pipo,m,s,2,179,1.57,0.74
61,Pipo,m,s,2,173,11.8,1.76
61,Pipo,m,s,2,165,22.76,8.53
61,Pipo,m,s,2,148,1.55,0.74
61,Pipo,m,s,2,131.59,1.58,0.86
61,Pipo,m,s,2,115.4,1.44,0.76
61,Pipo,m,s,2,67,1.34,0.78
61,Pipo,m,s,2,65.45,1.36,0.7
61,Pipo,m,s,2,65.22,1.34,0.66
61,Pipo,m,s,2,52.08,1.34,0.74
61,Pipo,m,s,2,53.49,2.41,1.1
61,Pipo,m,s,2,52.18,4.41,3.2
61,Pipo,m,s,2,46.27,1.43,0.8
61,Pipo,m,s,2,39.43,4.09,1.29
61,Pipo,m,s,2,37.49,1.35,0.79
61,Pipo,m,s,2,37.23,1.36,0.7
61,Pipo,m,s,2,36.4,2.13,1.38
61,Pipo,m,s,2,35.43,1.27,1.83
61,Pipo,m,s,2,32.84,1.33,0.71
61,Pipo,m,s,2,29.68,1.24,0.69
61,Pipo,m,s,2,28.3,1.46,0.76
61,Pipo,m,s,2,25.79,1.36,0.76
61,Pipo,m,s,2,24.31,3.31,1.53
61,Pipo,m,s,2,18.94,2.88,1.37
61,Pipo,m,s,2,17.31,1.52,0.74
61,Pipo,m,s,2,14.92,1.04,1
61,Pipo,m,s,2,14.85,0.79,0.76
61,Pipo,m,s,2,13.24,1.36,0.85
61,Pipo,m,s,2,12.29,1.43,0.71
61,Pipo,m,s,2,11.5,0.98,0.77
61,Pipo,m,s,2,10.84,1.22,0.66
61,Pipo,m,s,2,10.37,0.76,0.71
61,Pipo,m,s,2,9.41,1.37,0.72
61,Pipo,m,s,2,10.43,0.87,0.72
61,Pipo,m,s,2,8.33,0.86,0.71
61,Pipo,m,s,2,8.23,1.01,0.89
61,Pipo,m,s,2,8.73,0.76,0.72
61,Pipo,m,s,2,8.87,1.28,0.81
61,Pipo,m,s,2,8,1.13,0.7
61,Pipo,m,s,2,8.08,1.02,0.77
61,Pipo,m,s,2,6.86,0.85,0.68
61,Pipo,m,s,2,6.53,1.3,0.69
61,Pipo,m,s,2,8.04,1.01,0.7
61,Pipo,m,s,2,8.22,1.31,0.77
61,Pipo,m,s,2,6.82,0.95,0.45
61,Pipo,m,s,2,6.32,0.96,0.58
61,Pipo,m,s,2,6.34,0.94,0.58
61,Pipo,m,s,2,6.01,1.31,0.38
61,Pipo,m,s,2,5.72,0.95,0.76
61,Pipo,m,s,2,6.18,0.66,0.66
61,Pipo,m,s,2,5.46,0.99,0.35
61,Pipo,m,s,2,5.11,0.8,0.75
61,Pipo,m,s,2,5.46,0.68,0.47
61,Pipo,m,s,2,4.37,0.58,0.51
66,Pipo,l,s,2,14,1.18,0.72
66,Pipo,l,s,2,6,1.76,0.62
66,Pipo,l,s,2,6,1.62,0.95
66,Pipo,l,s,2,10,1.4,0.71
66,Pipo,l,s,2,10,1.73,0.83
66,Pipo,l,s,2,10,1.5,0.95
66,Pipo,l,s,2,12,1.23,0.68
66,Pipo,l,s,2,5,0.38,0.31
66,Pipo,l,s,2,11,1.17,0.69
66,Pipo,l,s,2,13,1.63,0.83
66,Pipo,l,s,2,36,1.45,0.89
66,Pipo,l,s,2,19,1.16,0.69
66,Pipo,l,s,2,11,1.34,0.81
66,Pipo,l,s,2,13,1.48,0.9
66,Pipo,l,s,2,19,1.35,0.67
66,Pipo,l,s,2,21,1.7,0.91
66,Pipo,l,s,2,31.5,1.68,0.88
66,Pipo,l,s,2,20,1.18,0.57
66,Pipo,l,s,2,27,1.58,0.55
66,Pipo,l,s,2,28,1.93,0.88
66,Pipo,l,s,2,21,1.48,0.79
66,Pipo,l,s,2,15,1.22,0.74
66,Pipo,l,s,2,25,1.69,0.89
66,Pipo,l,s,2,158,11.31,1.25
66,Pipo,l,s,2,155,1.34,0.5
66,Pipo,l,s,2,13,1.71,0.92
66,Pipo,l,s,2,195,19.43,4.22
68,Pipo,l,n,2,145,5.29,1.91
68,Pipo,l,n,2,152,2.6,1.22
68,Pipo,l,n,2,152,2.27,1.76
68,Pipo,l,n,2,143,8.46,3.63
68,Pipo,l,n,2,130,1.28,0.77
68,Pipo,l,n,2,148,3.63,1.79
68,Pipo,l,n,2,157,1.21,0.49
68,Pipo,l,n,2,119,5.37,1.54
68,Pipo,l,n,2,131,1.43,0.72
68,Pipo,l,n,2,97,1.37,0.6
68,Pipo,l,n,2,153,1.39,0.84
68,Pipo,l,n,2,92,1.35,0.84
68,Pipo,l,n,2,48,1.44,0.76
68,Pipo,l,n,2,30,1.4,0.93
68,Pipo,l,n,2,29,1.9,0.76
68,Pipo,l,n,2,72,1.44,0.77
68,Pipo,l,n,2,70,1.4,0.84
68,Pipo,l,n,2,81,1.28,0.69
68,Pipo,l,n,2,24,1.51,0.87
68,Pipo,l,n,2,68,1.5,0.69
68,Pipo,l,n,2,10,1.3,0.71
68,Pipo,l,n,2,25,1.3,0.62
68,Pipo,l,n,2,131,1.33,0.74
68,Pipo,l,n,2,124,1.57,0.87
68,Pipo,l,n,2,118,1.26,0.65
68,Pipo,l,n,2,82,1.23,0.68
68,Pipo,l,n,2,70,1.78,1.03
68,Pipo,l,n,2,70,1.83,1.7
68,Pipo,l,n,2,29,1.39,0.78
68,Pipo,l,n,2,29,1.28,0.75
68,Pipo,l,n,2,37,1.38,0.8
68,Pipo,l,n,2,34.5,1.33,0.7
68,Pipo,l,n,2,43,1.1,0.54
68,Pipo,l,n,2,12,1.17,0.73
68,Pipo,l,n,2,20,1.27,0.84
68,Pipo,l,n,2,32.5,1.42,0.77
68,Pipo,l,n,2,10,1.94,1.38
68,Pipo,l,n,2,9,1.09,0.64
68,Pipo,l,n,2,21,1.39,0.77
68,Pipo,l,n,2,18,1.43,0.84
68,Pipo,l,n,2,22.5,1.43,0.88
68,Pipo,l,n,2,36,1.11,0.8
68,Pipo,l,n,2,18,1.42,0.71
68,Pipo,l,n,2,11.5,1.32,0.82
75,Pila,m,n,2,117.32,5.99,1.4
75,Pila,m,n,2,108.52,7.33,0.89
75,Pila,m,n,2,110.59,4.22,0.89
75,Pila,m,n,2,108.56,7.17,1.72
75,Pila,m,n,2,92.79,6.02,0.76
75,Pila,m,n,2,102.09,11.38,1.51
75,Pila,m,n,2,89.78,3.39,1.63
75,Pila,m,n,2,88.2,3.03,0.89
75,Pila,m,n,2,91.78,3.83,1.43
75,Pila,m,n,2,90.16,35.15,1.23
75,Pila,m,n,2,89.05,9.08,0.84
75,Pila,m,n,2,88.27,4.93,0.77
75,Pila,m,n,2,82.65,10.45,1.24
75,Pila,m,n,2,80.57,4.47,0.84
75,Pila,m,n,2,78.39,2.32,1.21
75,Pila,m,n,2,79.51,2.93,0.67
75,Pila,m,n,2,76.34,5.89,1.1
75,Pila,m,n,2,93.3,0.83,0.57
75,Pila,m,n,2,85.51,0.73,0.69
75,Pila,m,n,2,85.77,0.59,0.58
75,Pila,m,n,2,81.54,1.03,0.88
75,Pila,m,n,2,79.01,0.72,0.65
75,Pila,m,n,2,75.97,0.8,0.43
75,Pila,m,n,2,73.87,0.67,0.64
75,Pila,m,n,2,72.04,0.83,0.57
75,Pila,m,n,2,71.28,0.78,0.72
75,Pila,m,n,2,68.62,0.88,0.67
75,Pila,m,n,2,67.19,0.81,0.64
75,Pila,m,n,2,66.67,1.09,0.85
75,Pila,m,n,2,67.2,0.8,0.68
75,Pila,m,n,2,65.41,0.69,0.65
75,Pila,m,n,2,64.3,0.82,0.56
75,Pila,m,n,2,64.03,0.76,0.73
75,Pila,m,n,2,59.97,0.93,0.79
75,Pila,m,n,2,51.5,1.45,0.82
75,Pila,m,n,2,30.52,1.01,0.84
75,Pila,m,n,2,28.78,0.92,0.66
75,Pila,m,n,2,28.73,0.76,0.48
75,Pila,m,n,2,26.01,0.57,0.56
75,Pila,m,n,2,25.81,1,0.78
75,Pila,m,n,2,23.08,0.92,0.54
75,Pila,m,n,2,21.71,0.77,0.66
75,Pila,m,n,2,20.13,0.78,0.71
75,Pila,m,n,2,17.56,0.65,0.44
75,Pila,m,n,2,15.96,0.75,0.72
75,Pila,m,n,2,15.58,0.77,0.52
75,Pila,m,n,2,14.96,0.97,0.59
75,Pila,m,n,2,15.89,0.77,0.62
75,Pila,m,n,2,14.22,0.61,0.55
75,Pila,m,n,2,12.55,1.64,0.98
75,Pila,m,n,2,10.82,0.66,0.61
75,Pila,m,n,2,10.06,0.63,0.52
75,Pila,m,n,2,9.66,0.9,0.7
75,Pila,m,n,2,9.09,1.55,1.2
75,Pila,m,n,2,8.61,0.88,0.59
75,Pila,m,n,2,5.35,0.7,0.66
76,Pila,m,s,2,78,1.09,0.83
76,Pila,m,s,2,111,6.62,3.14
76,Pila,m,s,2,64,0.96,0.76
76,Pila,m,s,2,88,1.22,0.9
76,Pila,m,s,2,69,0.94,0.48
76,Pila,m,s,2,69,0.8,0.73
76,Pila,m,s,2,69,0.8,0.61
76,Pila,m,s,2,77,3.53,2.15
76,Pila,m,s,2,22,0.81,0.51
76,Pila,m,s,2,10,0.95,0.56
76,Pila,m,s,2,29,0.76,0.57
76,Pila,m,s,2,11,0.86,0.7
76,Pila,m,s,2,14,0.81,0.8
76,Pila,m,s,2,7,0.94,0.7
76,Pila,m,s,2,6,1.07,0.73
76,Pila,m,s,2,34,0.85,0.68
76,Pila,m,s,2,6,0.82,0.72
76,Pila,m,s,2,41,0.89,0.73
76,Pila,m,s,2,94,3.22,1.19
76,Pila,m,s,2,75,0.91,0.73
76,Pila,m,s,2,9,0.83,0.73
76,Pila,m,s,2,15,0.92,0.62
76,Pila,m,s,2,36,5.01,2.31
76,Pila,m,s,2,8,0.94,0.66
76,Pila,m,s,2,6,0.9,0.88
76,Pila,m,s,2,27,1.04,0.64
76,Pila,m,s,2,18,1.61,1.19
76,Pila,m,s,2,15,1,0.76
76,Pila,m,s,2,12,0.86,0.72
76,Pila,m,s,2,12,0.8,0.74
76,Pila,m,s,2,69,0.84,0.81
76,Pila,m,s,2,41,0.83,0.65
76,Pila,m,s,2,34,0.99,0.67
76,Pila,m,s,2,110,0.75,0.72
76,Pila,m,s,2,19,0.82,0.68
76,Pila,m,s,2,76,1.16,0.9
76,Pila,m,s,2,14,0.89,0.6
76,Pila,m,s,2,22,0.77,0.59
76,Pila,m,s,2,6,1.11,0.97
76,Pila,m,s,2,138,31.86,15.52
80,Pila,l,n,2,65.82,2.08,1.07
80,Pila,l,n,2,29.93,0.82,0.67
80,Pila,l,n,2,35.64,0.67,0.59
80,Pila,l,n,2,16.15,0.99,0.73
80,Pila,l,n,2,43.97,0.99,0.69
80,Pila,l,n,2,94.99,5.3,1.7
80,Pila,l,n,2,108.61,1.37,0.77
80,Pila,l,n,2,84.9,3.1,1.59
80,Pila,l,n,2,103.38,5.82,1.32
80,Pila,l,n,2,6.03,0.72,0.67
80,Pila,l,n,2,8.15,0.94,0.56
80,Pila,l,n,2,44.18,1.01,0.57
80,Pila,l,n,2,63.94,0.73,0.95
80,Pila,l,n,2,63.94,0.78,0.77
80,Pila,l,n,2,35.69,1.01,0.72
80,Pila,l,n,2,11.85,0.72,0.71
80,Pila,l,n,2,13.69,1.02,0.71
80,Pila,l,n,2,39.39,0.71,0.68
80,Pila,l,n,2,41.53,0.81,0.8
80,Pila,l,n,2,43.84,0.9,0.79
80,Pila,l,n,2,30.26,0.88,0.8
80,Pila,l,n,2,77.57,3.1,1.06
80,Pila,l,n,2,59.48,0.86,0.78
80,Pila,l,n,2,109.67,9.26,3.83
80,Pila,l,n,2,114.66,10.57,4.08
80,Pila,l,n,2,63.62,0.83,0.52
80,Pila,l,n,2,8.91,1.08,0.63
80,Pila,l,n,2,53.96,1.04,0.72
80,Pila,l,n,2,45.85,2.42,1.19
80,Pila,l,n,2,28.6,1.05,0.69
80,Pila,l,n,2,10.01,1.1,0.79
80,Pila,l,n,2,31,0.64,0.63
80,Pila,l,n,2,60.97,1.79,0.78
80,Pila,l,n,2,42.24,0.77,0.75
80,Pila,l,n,2,33.77,0.87,0.8
80,Pila,l,n,2,20.45,0.89,0.62
80,Pila,l,n,2,45.77,0.73,0.68
80,Pila,l,n,2,30.06,0.74,0.65
80,Pila,l,n,2,23.18,4.43,0.98
80,Pila,l,n,2,29.12,1.38,0.83
80,Pila,l,n,2,8.13,1.42,0.86
80,Pila,l,n,2,13.5,1.68,1.38
80,Pila,l,n,2,27.76,0.97,0.57
80,Pila,l,n,2,32.65,0.77,0.73
80,Pila,l,n,2,29.69,1.05,0.75
80,Pila,l,n,2,17.27,1,0.58
80,Pila,l,n,2,16.06,0.97,0.65
80,Pila,l,n,2,15.6,1,0.69
80,Pila,l,n,2,7.32,0.92,0.85
80,Pila,l,n,2,8.81,1.52,0.67
80,Pila,l,n,2,15.99,0.91,0.69
80,Pila,l,n,2,19.07,1.59,1.27
80,Pila,l,n,2,24.2,0.89,0.86
80,Pila,l,n,2,11.57,0.84,0.83
80,Pila,l,n,2,14.72,0.81,0.68
80,Pila,l,n,2,18.32,0.93,0.78
80,Pila,l,n,2,11.99,1.65,0.93
80,Pila,l,n,2,10.85,0.98,0.74
80,Pila,l,n,2,8.86,1.15,1.14
80,Pila,l,n,2,11.09,1.12,0.81
80,Pila,l,n,2,10.55,2.09,1.02
80,Pila,l,n,2,13.04,1.04,0.7
80,Pila,l,n,2,13.56,0.69,0.66
80,Pila,l,n,2,9.55,0.86,0.65
80,Pila,l,n,2,10.53,0.95,0.76
80,Pila,l,n,2,13.2,0.91,0.81
80,Pila,l,n,2,13.6,1.4,1.04
80,Pila,l,n,2,6.25,0.8,0.65
80,Pila,l,n,2,7.77,0.97,0.68
80,Pila,l,n,2,14.68,0.94,0.7
80,Pila,l,n,2,16.22,0.95,0.69
80,Pila,l,n,2,13.94,0.86,0.68
80,Pila,l,n,2,9.24,0.74,0.63
80,Pila,l,n,2,6.12,0.87,0.32
80,Pila,l,n,2,10.41,0.91,0.78
80,Pila,l,n,2,8.27,0.7,0.42
80,Pila,l,n,2,15.25,0.85,0.63
80,Pila,l,n,2,8.57,0.86,0.53
80,Pila,l,n,2,8.15,0.78,0.78
80,Pila,l,n,2,14.03,0.84,0.73
80,Pila,l,n,2,7.63,0.73,0.66
80,Pila,l,n,2,7.63,0.8,0.7
80,Pila,l,n,2,9.91,0.89,0.83
80,Pila,l,n,2,9.76,0.81,0.77
80,Pila,l,n,2,7.8,0.79,0.42
80,Pila,l,n,2,7.01,1.24,1.03
80,Pila,l,n,2,7.46,0.88,0.76
80,Pila,l,n,2,10.23,0.97,0.68
80,Pila,l,n,2,11.14,0.86,0.74
80,Pila,l,n,2,4.9,0.52,0.47
80,Pila,l,n,2,6.04,1.18,0.64
80,Pila,l,n,2,4.73,1.06,0.34
80,Pila,l,n,2,5.98,0.76,0.76
80,Pila,l,n,2,7.34,0.89,0.65
80,Pila,l,n,2,6.5,0.68,0.63
80,Pila,l,n,2,5.38,0.97,0.68
88,Abma,m,s,2,72.44,25.1,13.63
88,Abma,m,s,2,36.19,24.17,7.13
88,Abma,m,s,2,14.22,9.38,2.75
88,Abma,m,s,2,15.81,3.77,1.36
88,Abma,m,s,2,18,1.83,1
88,Abma,m,s,2,14.03,5.38,3.44
88,Abma,m,s,2,15.57,1.88,1.28
88,Abma,m,s,2,16.32,1.69,0.87
88,Abma,m,s,2,16.88,1.81,0.89
88,Abma,m,s,2,17.39,1.69,0.91
88,Abma,m,s,2,18.01,1.52,0.81
88,Abma,m,s,2,16.54,1.69,0.95
88,Abma,m,s,2,17.21,1.82,0.92
88,Abma,m,s,2,15.76,1.67,0.94
88,Abma,m,s,2,15.74,1.81,1.04
88,Abma,m,s,2,16.85,1.69,0.95
88,Abma,m,s,2,16.4,1.67,0.9
88,Abma,m,s,2,17.3,1.64,0.91
88,Abma,m,s,2,15.87,1.56,0.91
88,Abma,m,s,2,14.31,1.95,1.21
88,Abma,m,s,2,15.43,2.03,1.15
88,Abma,m,s,2,15.6,1.66,0.97
88,Abma,m,s,2,14.63,1.78,0.98
88,Abma,m,s,2,15.48,1.98,1.29
88,Abma,m,s,2,16.59,1.52,0.82
88,Abma,m,s,2,15.71,1.68,0.88
88,Abma,m,s,2,16.42,1.58,0.68
88,Abma,m,s,2,14.69,2.05,1.32
88,Abma,m,s,2,15.58,1.95,1.18
88,Abma,m,s,2,15.39,1.88,1.03
88,Abma,m,s,2,13.96,1.89,0.87
88,Abma,m,s,2,14.19,1.62,0.95
88,Abma,m,s,2,14.83,1.57,0.85
88,Abma,m,s,2,14.44,1.73,1.04
88,Abma,m,s,2,14.48,1.97,1.24
88,Abma,m,s,2,16.02,1.97,1.21
88,Abma,m,s,2,14.64,2.06,1.43
88,Abma,m,s,2,14.29,1.9,0.8
88,Abma,m,s,2,14.91,1.9,1.32
88,Abma,m,s,2,14.61,1.85,1.24
88,Abma,m,s,2,15.45,2.07,1.18
88,Abma,m,s,2,15.37,1.78,0.98
88,Abma,m,s,2,14.48,1.45,0.96
88,Abma,m,s,2,14.37,1.64,0.93
88,Abma,m,s,2,14.48,1.83,1.04
88,Abma,m,s,2,12.89,1.95,1.37
88,Abma,m,s,2,13.6,1.85,1.23
88,Abma,m,s,2,13.28,1.71,1.18
88,Abma,m,s,2,12.71,1.76,1.05
88,Abma,m,s,2,12.89,1.94,1.28
88,Abma,m,s,2,13.34,1.86,1.17
88,Abma,m,s,2,13.11,1.88,0.89
88,Abma,m,s,2,13.12,1.79,1.01
88,Abma,m,s,2,12.6,1.88,1.21
88,Abma,m,s,2,13.4,1.94,1.2
88,Abma,m,s,2,13.31,1.84,1.21
88,Abma,m,s,2,12.56,1.81,0.84
88,Abma,m,s,2,12.91,1.47,0.87
88,Abma,m,s,2,12.21,1.79,1.09
88,Abma,m,s,2,12.57,1.93,1.26
88,Abma,m,s,2,12.5,1.87,0.82
88,Abma,m,s,2,12.83,1.7,0.93
88,Abma,m,s,2,12.22,1.88,1.21
88,Abma,m,s,2,11.59,1.76,0.88
88,Abma,m,s,2,11.41,1.8,1.4
88,Abma,m,s,2,11.63,1.59,0.98
88,Abma,m,s,2,10.76,1.49,0.95
88,Abma,m,s,2,9.94,1.4,0.91
88,Abma,m,s,2,11.15,1.64,0.97
88,Abma,m,s,2,10.92,1.47,0.68
88,Abma,m,s,2,10.38,1.46,0.88
88,Abma,m,s,2,10.61,1.53,0.83
88,Abma,m,s,2,10.31,1.54,0.8
88,Abma,m,s,2,9.36,1.7,0.97
88,Abma,m,s,2,10.04,1.6,1.11
88,Abma,m,s,2,10.53,1.35,0.88
88,Abma,m,s,2,8.91,1.43,1.1
88,Abma,m,s,2,8.64,1.64,0.7
88,Abma,m,s,2,9.56,1.57,0.82
88,Abma,m,s,2,9.33,1.52,0.89
88,Abma,m,s,2,7.79,1.49,0.76
88,Abma,m,s,2,9.02,1.43,0.67
88,Abma,m,s,2,8.46,1.72,1.2
88,Abma,m,s,2,9.22,1.49,1.01
88,Abma,m,s,2,9.07,1.43,1
88,Abma,m,s,2,8.02,1.45,1.11
88,Abma,m,s,2,8.33,1.46,1.07
88,Abma,m,s,2,7.46,1.2,1.02
88,Abma,m,s,2,7.65,1.41,0.63
88,Abma,m,s,2,7.47,1.6,1
88,Abma,m,s,2,5.44,1.31,0.46
88,Abma,m,s,2,6.23,1.4,0.69
88,Abma,m,s,2,4.86,1.06,0.64
88,Abma,m,s,2,4.41,1.32,0.39
88,Abma,m,s,2,4.14,1.58,0.61
89,Abma,l,s,2,66.49,25.32,13.12
too much dirt,,,,2,50.42,28.45,11.11
89,Abma,l,s,2,25.92,20.13,11.63
89,Abma,l,s,2,12.31,2.85,1.1
89,Abma,l,s,2,12.79,2.12,0.85
89,Abma,l,s,2,13.47,4.6,1.81
89,Abma,l,s,2,13.79,3.48,1.58
89,Abma,l,s,2,15.02,6.22,1.34
89,Abma,l,s,2,15.83,1.76,1
89,Abma,l,s,2,14.12,1.93,0.93
89,Abma,l,s,2,13.74,1.9,0.89
89,Abma,l,s,2,12.53,1.67,0.91
89,Abma,l,s,2,10.95,3.44,0.95
89,Abma,l,s,2,12.43,2.06,2.04
89,Abma,l,s,2,12.03,2.73,1.77
89,Abma,l,s,2,17.89,1.79,0.95
89,Abma,l,s,2,15.24,1.8,0.84
89,Abma,l,s,2,15.29,1.8,0.85
89,Abma,l,s,2,14.76,1.8,0.85
89,Abma,l,s,2,15.9,1.82,1.05
89,Abma,l,s,2,17.45,1.81,0.83
89,Abma,l,s,2,17.84,1.84,0.76
89,Abma,l,s,2,16.32,1.82,0.78
89,Abma,l,s,2,17.63,1.76,0.85
89,Abma,l,s,2,14.76,1.78,0.83
89,Abma,l,s,2,16.76,1.76,0.87
89,Abma,l,s,2,15.5,1.68,1.02
89,Abma,l,s,2,14.06,1.84,0.99
89,Abma,l,s,2,14.64,1.79,0.95
89,Abma,l,s,2,12.89,1.97,0.96
89,Abma,l,s,2,15.07,1.83,1
89,Abma,l,s,2,15.12,1.89,0.88
89,Abma,l,s,2,15.13,1.86,0.92
89,Abma,l,s,2,14.05,1.79,0.98
89,Abma,l,s,2,15.08,1.62,0.94
89,Abma,l,s,2,14.16,1.76,0.91
89,Abma,l,s,2,13.06,1.71,0.95
89,Abma,l,s,2,12.33,1.61,0.78
89,Abma,l,s,2,14.25,1.78,0.72
89,Abma,l,s,2,16.74,1.63,0.98
89,Abma,l,s,2,13.38,1.77,0.78
89,Abma,l,s,2,15.19,1.83,0.91
89,Abma,l,s,2,15.33,1.95,1.08
89,Abma,l,s,2,14.66,1.78,1.1
89,Abma,l,s,2,13.79,1.73,0.89
89,Abma,l,s,2,15.39,1.68,0.83
89,Abma,l,s,2,13.65,1.79,0.97
89,Abma,l,s,2,9.64,1.72,1
89,Abma,l,s,2,10.51,1.77,0.74
89,Abma,l,s,2,12.74,1.67,0.85
89,Abma,l,s,2,10.17,1.59,0.72
89,Abma,l,s,2,13.19,1.76,1.01
89,Abma,l,s,2,11.47,1.55,0.98
89,Abma,l,s,2,14.28,1.73,0.95
89,Abma,l,s,2,13.47,1.7,1
89,Abma,l,s,2,12.96,1.64,1.15
89,Abma,l,s,2,11.37,1.53,0.91
89,Abma,l,s,2,12.41,1.65,0.66
89,Abma,l,s,2,9.12,1.6,0.82
89,Abma,l,s,2,13.44,1.84,0.92
89,Abma,l,s,2,14.45,1.64,0.81
89,Abma,l,s,2,12.58,1.88,1.01
89,Abma,l,s,2,11.23,1.77,0.96
89,Abma,l,s,2,13.65,1.84,0.86
89,Abma,l,s,2,14.29,1.9,0.84
89,Abma,l,s,2,14.74,1.8,0.78
89,Abma,l,s,2,17.07,1.76,0.92
89,Abma,l,s,2,13.81,1.96,1.06
89,Abma,l,s,2,14.04,1.97,0.95
89,Abma,l,s,2,12.53,1.81,1.02
89,Abma,l,s,2,13.23,2.35,1.37
89,Abma,l,s,2,13.48,1.85,1.08
89,Abma,l,s,2,12.2,1.76,1.2
89,Abma,l,s,2,14.44,1.93,1.15
89,Abma,l,s,2,16.92,1.72,0.91
89,Abma,l,s,2,13.91,1.84,0.88
89,Abma,l,s,2,15.57,1.79,0.91
89,Abma,l,s,2,11.37,1.86,0.99
89,Abma,l,s,2,12.3,1.75,0.91
89,Abma,l,s,2,12.02,1.89,0.94
89,Abma,l,s,2,11.98,1.58,1.1
89,Abma,l,s,2,13.76,1.56,0.78
89,Abma,l,s,2,12.61,1.94,0.98
89,Abma,l,s,2,13.59,1.91,0.82
89,Abma,l,s,2,13.62,1.84,1.09
89,Abma,l,s,2,11.75,1.77,1.11
89,Abma,l,s,2,11.72,1.71,0.96
89,Abma,l,s,2,12.08,1.8,1.1
89,Abma,l,s,2,10.41,1.94,1.09
89,Abma,l,s,2,10.58,1.64,0.89
89,Abma,l,s,2,12.28,1.88,1.05
89,Abma,l,s,2,10,1.6,0.98
89,Abma,l,s,2,10.1,1.82,0.81
89,Abma,l,s,2,9.94,1.77,1.04
89,Abma,l,s,2,12.63,1.66,1.01
89,Abma,l,s,2,10.84,1.9,1.05
89,Abma,l,s,2,10.14,1.7,0.98
89,Abma,l,s,2,10.21,1.93,0.81
89,Abma,l,s,2,10.23,1.96,1.05
89,Abma,l,s,2,11.01,1.56,0.84
89,Abma,l,s,2,12.93,1.77,1
89,Abma,l,s,2,12.77,1.79,0.93
89,Abma,l,s,2,12.75,1.79,1.05
89,Abma,l,s,2,12.66,1.74,0.91
89,Abma,l,s,2,12.81,1.53,0.98
89,Abma,l,s,2,11.33,1.76,0.74
89,Abma,l,s,2,9.98,1.74,0.79
89,Abma,l,s,2,9.03,1.7,0.82
89,Abma,l,s,2,10.15,1.9,0.95
89,Abma,l,s,2,9.35,1.7,0.81
89,Abma,l,s,2,8.78,1.67,1.05
89,Abma,l,s,2,9.77,1.58,0.94
89,Abma,l,s,2,9.17,1.38,0.91
89,Abma,l,s,2,8.92,1.53,0.83
89,Abma,l,s,2,8.2,1.38,0.72
89,Abma,l,s,2,8.38,1.53,0.93
89,Abma,l,s,2,6.68,1.53,0.96
89,Abma,l,s,2,5.77,1.48,0.61
90,Abma,l,n,2,87.92,35.62,10.67
90,Abma,l,n,2,27.79,16.32,6.65
90,Abma,l,n,2,18.43,4.96,1.69
90,Abma,l,n,2,15.33,5.44,1.77
90,Abma,l,n,2,23.29,10.96,1.47
90,Abma,l,n,2,12.29,5.04,1.17
90,Abma,l,n,2,13.49,11.98,3.25
90,Abma,l,n,2,15.28,5.15,1.73
90,Abma,l,n,2,14.37,1.69,0.99
90,Abma,l,n,2,14.06,1.83,0.92
90,Abma,l,n,2,12.43,1.45,0.92
90,Abma,l,n,2,11.98,1.96,1
90,Abma,l,n,2,11.98,1.62,0.89
90,Abma,l,n,2,13.96,1.62,1
90,Abma,l,n,2,11.66,1.68,1.09
90,Abma,l,n,2,12.6,1.6,0.92
90,Abma,l,n,2,11.96,1.61,0.99
90,Abma,l,n,2,14.83,1.78,0.91
90,Abma,l,n,2,11.77,1.61,0.94
90,Abma,l,n,2,11.85,1.73,0.89
90,Abma,l,n,2,13.51,1.68,0.96
90,Abma,l,n,2,13.09,1.74,0.97
90,Abma,l,n,2,12.2,1.84,0.89
90,Abma,l,n,2,12.21,1.77,0.85
90,Abma,l,n,2,9.33,1.64,0.98
90,Abma,l,n,2,10.13,1.57,0.82
90,Abma,l,n,2,11.15,1.68,0.88
90,Abma,l,n,2,12.07,1.84,0.95
90,Abma,l,n,2,11.75,1.67,0.88
90,Abma,l,n,2,10.89,1.61,1.01
90,Abma,l,n,2,11.1,1.64,1.07
90,Abma,l,n,2,10.54,1.62,1.07
90,Abma,l,n,2,10.48,1.66,0.98
90,Abma,l,n,2,10.88,1.62,0.94
90,Abma,l,n,2,12.04,1.59,1.09
90,Abma,l,n,2,11.32,1.73,0.94
90,Abma,l,n,2,11.49,1.63,0.93
90,Abma,l,n,2,12.29,1.53,0.98
90,Abma,l,n,2,12.32,1.83,0.79
90,Abma,l,n,2,10.72,1.56,0.91
90,Abma,l,n,2,9.2,1.67,0.84
90,Abma,l,n,2,8.91,1.76,0.94
90,Abma,l,n,2,9.84,1.7,0.99
90,Abma,l,n,2,9.31,1.71,0.85
90,Abma,l,n,2,10.71,1.68,0.95
90,Abma,l,n,2,9.33,1.6,0.96
90,Abma,l,n,2,9.08,1.58,1.16
90,Abma,l,n,2,8.58,1.65,1.04
90,Abma,l,n,2,8.29,1.73,0.95
90,Abma,l,n,2,7.9,1.56,0.96
90,Abma,l,n,2,9.23,1.7,1.05
90,Abma,l,n,2,7.51,1.61,1.11
90,Abma,l,n,2,6.61,1.16,0.74
90,Abma,l,n,2,6.58,1.34,1
90,Abma,l,n,2,7.25,1.33,0.69
90,Abma,l,n,2,7.64,1.57,1.02
90,Abma,l,n,2,7.77,1.37,1.11
90,Abma,l,n,2,7.92,1.14,0.64
90,Abma,l,n,2,7.64,1.78,0.85
90,Abma,l,n,2,6.68,1.42,0.86
90,Abma,l,n,2,6.45,1.53,0.86
90,Abma,l,n,2,6.13,1.24,0.85
90,Abma,l,n,2,6.34,1.25,0.64
90,Abma,l,n,2,4.56,1.11,0.74
83/93?,Abma,m,n,2,71.58,37.3,12.26
83/93?,Abma,m,n,2,26.15,21.59,6.63
83/93?,Abma,m,n,2,18.58,1.83,0.91
83/93?,Abma,m,n,2,15.2,1.86,1.09
83/93?,Abma,m,n,2,17.06,1.76,0.96
83/93?,Abma,m,n,2,15.29,1.84,1
83/93?,Abma,m,n,2,15.13,1.73,0.85
83/93?,Abma,m,n,2,15.27,1.77,1.02
83/93?,Abma,m,n,2,20.11,5.64,1.51
83/93?,Abma,m,n,2,15.09,1.84,1.25
83/93?,Abma,m,n,2,15.61,1.76,0.99
83/93?,Abma,m,n,2,14.56,1.8,1.24
83/93?,Abma,m,n,2,14.41,1.88,1.1
83/93?,Abma,m,n,2,14.81,1.68,0.96
83/93?,Abma,m,n,2,14.87,1.83,1.02
83/93?,Abma,m,n,2,14.83,1.85,1.11
83/93?,Abma,m,n,2,14.41,1.83,1.13
83/93?,Abma,m,n,2,14.36,1.98,1.07
83/93?,Abma,m,n,2,15.14,1.8,1.05
83/93?,Abma,m,n,2,13.22,1.98,1.19
83/93?,Abma,m,n,2,13.92,1.41,0.74
83/93?,Abma,m,n,2,13.22,1.62,0.92
83/93?,Abma,m,n,2,13.21,1.83,1.13
83/93?,Abma,m,n,2,13.13,1.94,1.23
83/93?,Abma,m,n,2,13.56,1.68,0.76
83/93?,Abma,m,n,2,14.14,1.86,1.19
83/93?,Abma,m,n,2,13.68,2,1.19
83/93?,Abma,m,n,2,13.87,1.67,0.95
83/93?,Abma,m,n,2,12.7,1.87,1.12
83/93?,Abma,m,n,2,12.76,1.74,0.9
83/93?,Abma,m,n,2,12.55,1.63,0.95
83/93?,Abma,m,n,2,13.09,1.93,1.12
83/93?,Abma,m,n,2,13.69,1.9,1.2
83/93?,Abma,m,n,2,11.65,1.72,0.95
83/93?,Abma,m,n,2,11.73,1.36,0.87
83/93?,Abma,m,n,2,13.79,1.59,1
83/93?,Abma,m,n,2,12.84,1.85,1.07
83/93?,Abma,m,n,2,13.99,1.74,1.09
83/93?,Abma,m,n,2,13.97,1.72,1.01
83/93?,Abma,m,n,2,12.53,1.92,1.21
83/93?,Abma,m,n,2,12.45,1.55,0.91
83/93?,Abma,m,n,2,14.04,1.72,1
83/93?,Abma,m,n,2,13.84,1.51,0.84
83/93?,Abma,m,n,2,12.78,1.39,0.76
83/93?,Abma,m,n,2,12.99,1.97,1.21
83/93?,Abma,m,n,2,12.44,1.82,1.32
83/93?,Abma,m,n,2,12.55,1.71,1.21
83/93?,Abma,m,n,2,13.65,1.71,1.26
83/93?,Abma,m,n,2,13.07,1.75,1.37
83/93?,Abma,m,n,2,13.67,1.92,1.38
83/93?,Abma,m,n,2,12.96,1.77,1.09
83/93?,Abma,m,n,2,12.96,1.34,0.74
83/93?,Abma,m,n,2,12.49,1.91,1.1
83/93?,Abma,m,n,2,11.78,1.78,0.83
83/93?,Abma,m,n,2,11.75,1.88,1.21
83/93?,Abma,m,n,2,12.12,1.85,1.19
83/93?,Abma,m,n,2,12.37,1.53,0.75
83/93?,Abma,m,n,2,10.56,1.61,0.85
83/93?,Abma,m,n,2,11.81,1.84,1.11
83/93?,Abma,m,n,2,10.88,1.77,0.84
83/93?,Abma,m,n,2,12.24,1.35,0.76
83/93?,Abma,m,n,2,11.84,1.7,0.88
83/93?,Abma,m,n,2,12.62,1.73,1.02
83/93?,Abma,m,n,2,11.64,1.71,0.88
83/93?,Abma,m,n,2,11.86,1.64,0.88
83/93?,Abma,m,n,2,11.96,1.64,0.86
83/93?,Abma,m,n,2,11.56,1.59,0.9
83/93?,Abma,m,n,2,11.65,1.58,0.94
83/93?,Abma,m,n,2,11.9,1.4,0.79
83/93?,Abma,m,n,2,10.94,1.33,0.76
83/93?,Abma,m,n,2,10.15,1.43,0.87
83/93?,Abma,m,n,2,11.28,1.6,0.75
83/93?,Abma,m,n,2,11.28,1.53,0.92
83/93?,Abma,m,n,2,10.15,1.42,0.9
83/93?,Abma,m,n,2,10.56,1.56,0.86
83/93?,Abma,m,n,2,9.9,1.36,0.66
83/93?,Abma,m,n,2,10.33,1.42,0.95
83/93?,Abma,m,n,2,10.31,1.43,0.83
83/93?,Abma,m,n,2,11.03,1.44,0.96
83/93?,Abma,m,n,2,11.12,1.73,0.9
83/93?,Abma,m,n,2,9.98,1.59,1.03
83/93?,Abma,m,n,2,10.15,1.41,0.86
83/93?,Abma,m,n,2,9.75,1.61,0.83
83/93?,Abma,m,n,2,10.44,1.47,0.83
83/93?,Abma,m,n,2,10.05,1.68,0.88
83/93?,Abma,m,n,2,9.59,1.63,1.1
83/93?,Abma,m,n,2,10.04,1.46,0.93
83/93?,Abma,m,n,2,8.69,1.61,1.01
83/93?,Abma,m,n,2,8.88,1.3,0.87
83/93?,Abma,m,n,2,9.12,1.37,0.96
83/93?,Abma,m,n,2,8.04,1.51,0.96
83/93?,Abma,m,n,2,7.35,1.31,0.88
83/93?,Abma,m,n,2,7.61,1.38,0.87
83/93?,Abma,m,n,2,8.01,1.34,0.88
83/93?,Abma,m,n,2,8.16,1.22,0.77
83/93?,Abma,m,n,2,7,1.77,0.97
83/93?,Abma,m,n,2,6.53,1.18,0.97
83/93?,Abma,m,n,2,6.2,1.2,0.82
83/93?,Abma,m,n,2,4.8,1.09,0.67
83/93?,Abma,m,n,2,4.64,0.7,0.65
