name,group,flash_point,spcode,replicate,%area
3-carene,bicyclic monoterpene,46,abco,1,2.42
a-pinene,monoterpene,33,abco,1,5.64
b-pinene,monoterpene,36,abco,1,NA
b-Myrcene,monoterpene,39.4,abco,1,NA
a-Phellandrene,cyclic monoterpene,47.2,abco,1,7.53
D-Limonene,cyclic monoterpene,50,abco,1,NA
c-Terpinene,cyclic monoterpene,100,abco,1,NA
2-Carene,bicyclic monoterpene,38,abco,1,NA
Terpinolene,cyclic monoterpene,100,abco,1,NA
Pinocarvone,bicyclic monoterpene,85,abco,1,NA
Terpinen-4-ol,monoterpene alcohol / monocyclic monoterpenoid,79.4,abco,1,NA
Crypton ,Ketone,87.2,abco,1,NA
Dodecanal,Fatty aldehyde,114,abco,1,1.34
(1R)-(-)-Myrtenal,terpene aldehyde,80,abco,1,NA
Eucarvone,monocyclic monoterpenoid,90,abco,1,NA
I-Verbenone,bicyclic ketone terpene,85,abco,1,NA
a-Citrylideneethanol,NA,104.5,abco,1,NA
"4,6-Heptadienoic acid, 3, 3, 6-trimethyl-, methyl ester",NA,68.1,abco,1,NA
"Cyclohexanecarboxylic acid, 2-(2-propenyl)-, methyl ester",NA,82.6,abco,1,NA
Phellandral,monocyclic terpene aldehyde,83.6,abco,1,NA
2-Undecanone,Ketone,88.9,abco,1,NA
"Tricyclo[3, 2,2,0]nonane-2-carboxylic acid",NA,136.5,abco,1,NA
Terpinyl acetate,methane monoterpenoid,83,abco,1,NA
delta-elemene,sesquiterpene,99.5,abco,1,NA
Ylangene,sesquiterpenoid,105.1,abco,1,NA
Copaene,sesquiterpenoid,105.1,abco,1,4.29
Thujopsene,sesquiterpene,105.9,abco,1,NA
cis-beta-elemene,sesquiterpene,98.3,abco,1,NA
Caryophyllene,sesquiterpene,104.9,abco,1,6.54
a-bergamotene,sesquiterpene,100.6,abco,1,NA
trans-Sesquisabinene hydrate,sesquiterpenoid,125.4,abco,1,NA
trans-Geranylacetone,acyclic monoterpenoid ketone,107.2,abco,1,NA
(-)-Aristolene,sesquiterpene,99.9,abco,1,17.80
Longifolene-(V4),sesquiterpene,95.6,abco,1,39.40
Humulene,sesquiterpene,110.2,abco,1,NA
c-Muurolene,sesquiterpene,106.5,abco,1,NA
Germacrene D,sesquiterpene,111.9,abco,1,NA
7-Isopropenyl-1-methyl-4-methylenedecahydroazulene,sesquiterpene,105.1,abco,1,NA
a-selinene,sesquiterpene,102,abco,1,NA
a-cuparene,benzene,113.3,abco,1,NA
cis-5-Dodecenoic acid,fatty acid,207.6,abco,1,NA
2-Hydroxycyclopentadecanone,NA,162.8,abco,1,NA
Dodecanoic acid,fatty acid,165,abco,1,NA
Hedycaryol,terpenoid,110.9,abco,1,NA
(-)-Spathulenol,sesquiterpenoid,123.9,abco,1,NA
Caryophyllene oxide,epoxide sesquiterpene,119.7,abco,1,5.92
b-eudesmol,terpene alcohol,108.6,abco,1,NA
Z-11-Tetradecenoic acid,NA,235.3,abco,1,NA
Z-11-Pentadecenol,NA,128.6,abco,1,NA
Hexahydrofarnesyl acetone,NA,95.1,abco,1,4.79
Geranyl-a-terpinene,NA,NA,abco,1,NA
Palmitoleic acid ,NA,239.2,abco,1,NA
Sclareol,labdane diterpenoid,169%,abco,1,1.55
3-carene,bicyclic monoterpene,46,abco,2,NA
a-pinene,monoterpene,33,abco,2,16.37
b-pinene,monoterpene,36,abco,2,NA
b-Myrcene,monoterpene,39.4,abco,2,NA
a-Phellandrene,cyclic monoterpene,47.2,abco,2,11.68
D-Limonene,cyclic monoterpene,50,abco,2,NA
c-Terpinene,cyclic monoterpene,100,abco,2,NA
2-Carene,bicyclic monoterpene,38,abco,2,0.69
Terpinolene,cyclic monoterpene,100,abco,2,NA
Pinocarvone,bicyclic monoterpene,85,abco,2,0.98
Terpinen-4-ol,monoterpene alcohol / monocyclic monoterpenoid,79.4,abco,2,NA
Crypton ,Ketone,87.2,abco,2,1.31
Dodecanal,Fatty aldehyde,114,abco,2,4.13
(1R)-(-)-Myrtenal,terpene aldehyde,80,abco,2,1.03
Eucarvone,monocyclic monoterpenoid,90,abco,2,NA
I-Verbenone,bicyclic ketone terpene,85,abco,2,NA
a-Citrylideneethanol,NA,104.5,abco,2,NA
"4,6-Heptadienoic acid, 3, 3, 6-trimethyl-, methyl ester",NA,68.1,abco,2,NA
"Cyclohexanecarboxylic acid, 2-(2-propenyl)-, methyl ester",NA,82.6,abco,2,NA
Phellandral,monocyclic terpene aldehyde,83.6,abco,2,1.05
2-Undecanone,Ketone,88.9,abco,2,1.79
"Tricyclo[3, 2,2,0]nonane-2-carboxylic acid",NA,136.5,abco,2,NA
Terpinyl acetate,methane monoterpenoid,83,abco,2,NA
delta-elemene,sesquiterpene,99.5,abco,2,2.17
Ylangene,sesquiterpenoid,105.1,abco,2,NA
Copaene,sesquiterpenoid,105.1,abco,2,2.20
Thujopsene,sesquiterpene,105.9,abco,2,NA
cis-beta-elemene,sesquiterpene,98.3,abco,2,NA
Caryophyllene,sesquiterpene,104.9,abco,2,9.43
a-bergamotene,sesquiterpene,100.6,abco,2,NA
trans-Sesquisabinene hydrate,sesquiterpenoid,125.4,abco,2,0.79
trans-Geranylacetone,acyclic monoterpenoid ketone,107.2,abco,2,NA
(-)-Aristolene,sesquiterpene,99.9,abco,2,NA
Longifolene-(V4),sesquiterpene,95.6,abco,2,NA
Humulene,sesquiterpene,110.2,abco,2,NA
c-Muurolene,sesquiterpene,106.5,abco,2,NA
Germacrene D,sesquiterpene,111.9,abco,2,NA
7-Isopropenyl-1-methyl-4-methylenedecahydroazulene,sesquiterpene,105.1,abco,2,NA
a-selinene,sesquiterpene,102,abco,2,NA
a-cuparene,benzene,113.3,abco,2,NA
cis-5-Dodecenoic acid,fatty acid,207.6,abco,2,NA
2-Hydroxycyclopentadecanone,NA,162.8,abco,2,NA
Dodecanoic acid,fatty acid,165,abco,2,NA
Hedycaryol,terpenoid,110.9,abco,2,NA
(-)-Spathulenol,sesquiterpenoid,123.9,abco,2,0.50
Caryophyllene oxide,epoxide sesquiterpene,119.7,abco,2,NA
b-eudesmol,terpene alcohol,108.6,abco,2,NA
Z-11-Tetradecenoic acid,NA,235.3,abco,2,NA
Z-11-Pentadecenol,NA,128.6,abco,2,NA
Hexahydrofarnesyl acetone,NA,95.1,abco,2,1.39
Geranyl-a-terpinene,NA,NA,abco,2,NA
Palmitoleic acid ,NA,239.2,abco,2,NA
Sclareol,labdane diterpenoid,169%,abco,2,NA
3-carene,bicyclic monoterpene,46,abco,3,NA
a-pinene,monoterpene,33,abco,3,17.73
b-pinene,monoterpene,36,abco,3,NA
b-Myrcene,monoterpene,39.4,abco,3,NA
a-Phellandrene,cyclic monoterpene,47.2,abco,3,15.61
D-Limonene,cyclic monoterpene,50,abco,3,NA
c-Terpinene,cyclic monoterpene,100,abco,3,NA
2-Carene,bicyclic monoterpene,38,abco,3,NA
Terpinolene,cyclic monoterpene,100,abco,3,NA
Pinocarvone,bicyclic monoterpene,85,abco,3,1.59
Terpinen-4-ol,monoterpene alcohol / monocyclic monoterpenoid,79.4,abco,3,NA
Crypton ,Ketone,87.2,abco,3,1.52
Dodecanal,Fatty aldehyde,114,abco,3,4.15
(1R)-(-)-Myrtenal,terpene aldehyde,80,abco,3,0.95
Eucarvone,monocyclic monoterpenoid,90,abco,3,NA
I-Verbenone,bicyclic ketone terpene,85,abco,3,NA
a-Citrylideneethanol,NA,104.5,abco,3,NA
"4,6-Heptadienoic acid, 3, 3, 6-trimethyl-, methyl ester",NA,68.1,abco,3,NA
"Cyclohexanecarboxylic acid, 2-(2-propenyl)-, methyl ester",NA,82.6,abco,3,NA
Phellandral,monocyclic terpene aldehyde,83.6,abco,3,1.15
2-Undecanone,Ketone,88.9,abco,3,0.84
"Tricyclo[3, 2,2,0]nonane-2-carboxylic acid",NA,136.5,abco,3,NA
Terpinyl acetate,methane monoterpenoid,83,abco,3,NA
delta-elemene,sesquiterpene,99.5,abco,3,2.69
Ylangene,sesquiterpenoid,105.1,abco,3,NA
Copaene,sesquiterpenoid,105.1,abco,3,2.50
Thujopsene,sesquiterpene,105.9,abco,3,NA
cis-beta-elemene,sesquiterpene,98.3,abco,3,NA
Caryophyllene,sesquiterpene,104.9,abco,3,10.78
a-bergamotene,sesquiterpene,100.6,abco,3,NA
trans-Sesquisabinene hydrate,sesquiterpenoid,125.4,abco,3,NA
trans-Geranylacetone,acyclic monoterpenoid ketone,107.2,abco,3,NA
(-)-Aristolene,sesquiterpene,99.9,abco,3,5.38
Longifolene-(V4),sesquiterpene,95.6,abco,3,5.34
Humulene,sesquiterpene,110.2,abco,3,NA
c-Muurolene,sesquiterpene,106.5,abco,3,NA
Germacrene D,sesquiterpene,111.9,abco,3,NA
7-Isopropenyl-1-methyl-4-methylenedecahydroazulene,sesquiterpene,105.1,abco,3,NA
a-selinene,sesquiterpene,102,abco,3,4.26
a-cuparene,benzene,113.3,abco,3,NA
cis-5-Dodecenoic acid,fatty acid,207.6,abco,3,NA
2-Hydroxycyclopentadecanone,NA,162.8,abco,3,NA
Dodecanoic acid,fatty acid,165,abco,3,NA
Hedycaryol,terpenoid,110.9,abco,3,NA
(-)-Spathulenol,sesquiterpenoid,123.9,abco,3,NA
Caryophyllene oxide,epoxide sesquiterpene,119.7,abco,3,2.27
b-eudesmol,terpene alcohol,108.6,abco,3,NA
Z-11-Tetradecenoic acid,NA,235.3,abco,3,3.72
Z-11-Pentadecenol,NA,128.6,abco,3,NA
Hexahydrofarnesyl acetone,NA,95.1,abco,3,1.65
Geranyl-a-terpinene,NA,NA,abco,3,NA
Palmitoleic acid ,NA,239.2,abco,3,NA
Sclareol,labdane diterpenoid,169%,abco,3,NA
3-carene,bicyclic monoterpene,46,abco,4,1.64
a-pinene,monoterpene,33,abco,4,4.38
b-pinene,monoterpene,36,abco,4,NA
b-Myrcene,monoterpene,39.4,abco,4,NA
a-Phellandrene,cyclic monoterpene,47.2,abco,4,8.86
D-Limonene,cyclic monoterpene,50,abco,4,NA
c-Terpinene,cyclic monoterpene,100,abco,4,NA
2-Carene,bicyclic monoterpene,38,abco,4,NA
Terpinolene,cyclic monoterpene,100,abco,4,NA
Pinocarvone,bicyclic monoterpene,85,abco,4,NA
Terpinen-4-ol,monoterpene alcohol / monocyclic monoterpenoid,79.4,abco,4,NA
Crypton ,Ketone,87.2,abco,4,0.47
Dodecanal,Fatty aldehyde,114,abco,4,2.77
(1R)-(-)-Myrtenal,terpene aldehyde,80,abco,4,0.28
Eucarvone,monocyclic monoterpenoid,90,abco,4,NA
I-Verbenone,bicyclic ketone terpene,85,abco,4,NA
a-Citrylideneethanol,NA,104.5,abco,4,NA
"4,6-Heptadienoic acid, 3, 3, 6-trimethyl-, methyl ester",NA,68.1,abco,4,NA
"Cyclohexanecarboxylic acid, 2-(2-propenyl)-, methyl ester",NA,82.6,abco,4,NA
Phellandral,monocyclic terpene aldehyde,83.6,abco,4,0.91
2-Undecanone,Ketone,88.9,abco,4,NA
"Tricyclo[3, 2,2,0]nonane-2-carboxylic acid",NA,136.5,abco,4,NA
Terpinyl acetate,methane monoterpenoid,83,abco,4,NA
delta-elemene,sesquiterpene,99.5,abco,4,0.70
Ylangene,sesquiterpenoid,105.1,abco,4,NA
Copaene,sesquiterpenoid,105.1,abco,4,4.26
Thujopsene,sesquiterpene,105.9,abco,4,NA
cis-beta-elemene,sesquiterpene,98.3,abco,4,NA
Caryophyllene,sesquiterpene,104.9,abco,4,6.18
a-bergamotene,sesquiterpene,100.6,abco,4,NA
trans-Sesquisabinene hydrate,sesquiterpenoid,125.4,abco,4,NA
trans-Geranylacetone,acyclic monoterpenoid ketone,107.2,abco,4,NA
(-)-Aristolene,sesquiterpene,99.9,abco,4,2.60
Longifolene-(V4),sesquiterpene,95.6,abco,4,38.63
Humulene,sesquiterpene,110.2,abco,4,NA
c-Muurolene,sesquiterpene,106.5,abco,4,NA
Germacrene D,sesquiterpene,111.9,abco,4,NA
7-Isopropenyl-1-methyl-4-methylenedecahydroazulene,sesquiterpene,105.1,abco,4,NA
a-selinene,sesquiterpene,102,abco,4,14.26
a-cuparene,benzene,113.3,abco,4,NA
cis-5-Dodecenoic acid,fatty acid,207.6,abco,4,NA
2-Hydroxycyclopentadecanone,NA,162.8,abco,4,NA
Dodecanoic acid,fatty acid,165,abco,4,NA
Hedycaryol,terpenoid,110.9,abco,4,NA
(-)-Spathulenol,sesquiterpenoid,123.9,abco,4,NA
Caryophyllene oxide,epoxide sesquiterpene,119.7,abco,4,6.38
b-eudesmol,terpene alcohol,108.6,abco,4,NA
Z-11-Tetradecenoic acid,NA,235.3,abco,4,0.62
Z-11-Pentadecenol,NA,128.6,abco,4,NA
Hexahydrofarnesyl acetone,NA,95.1,abco,4,2.38
Geranyl-a-terpinene,NA,NA,abco,4,NA
Palmitoleic acid ,NA,239.2,abco,4,NA
Sclareol,labdane diterpenoid,169%,abco,4,0.90
3-carene,bicyclic monoterpene,46,abma,1,NA
a-pinene,monoterpene,33,abma,1,22.04
b-pinene,monoterpene,36,abma,1,NA
b-Myrcene,monoterpene,39.4,abma,1,NA
a-Phellandrene,cyclic monoterpene,47.2,abma,1,32.02
D-Limonene,cyclic monoterpene,50,abma,1,NA
c-Terpinene,cyclic monoterpene,100,abma,1,NA
2-Carene,bicyclic monoterpene,38,abma,1,NA
Terpinolene,cyclic monoterpene,100,abma,1,NA
Pinocarvone,bicyclic monoterpene,85,abma,1,NA
Terpinen-4-ol,monoterpene alcohol / monocyclic monoterpenoid,79.4,abma,1,NA
Crypton ,Ketone,87.2,abma,1,NA
Dodecanal,Fatty aldehyde,114,abma,1,NA
(1R)-(-)-Myrtenal,terpene aldehyde,80,abma,1,NA
Eucarvone,monocyclic monoterpenoid,90,abma,1,NA
I-Verbenone,bicyclic ketone terpene,85,abma,1,NA
a-Citrylideneethanol,NA,104.5,abma,1,NA
"4,6-Heptadienoic acid, 3, 3, 6-trimethyl-, methyl ester",NA,68.1,abma,1,NA
"Cyclohexanecarboxylic acid, 2-(2-propenyl)-, methyl ester",NA,82.6,abma,1,NA
Phellandral,monocyclic terpene aldehyde,83.6,abma,1,NA
2-Undecanone,Ketone,88.9,abma,1,NA
"Tricyclo[3, 2,2,0]nonane-2-carboxylic acid",NA,136.5,abma,1,NA
Terpinyl acetate,methane monoterpenoid,83,abma,1,NA
delta-elemene,sesquiterpene,99.5,abma,1,NA
Ylangene,sesquiterpenoid,105.1,abma,1,8.19
Copaene,sesquiterpenoid,105.1,abma,1,NA
Thujopsene,sesquiterpene,105.9,abma,1,NA
cis-beta-elemene,sesquiterpene,98.3,abma,1,NA
Caryophyllene,sesquiterpene,104.9,abma,1,4.61
a-bergamotene,sesquiterpene,100.6,abma,1,NA
trans-Sesquisabinene hydrate,sesquiterpenoid,125.4,abma,1,NA
trans-Geranylacetone,acyclic monoterpenoid ketone,107.2,abma,1,NA
(-)-Aristolene,sesquiterpene,99.9,abma,1,6.59
Longifolene-(V4),sesquiterpene,95.6,abma,1,NA
Humulene,sesquiterpene,110.2,abma,1,NA
c-Muurolene,sesquiterpene,106.5,abma,1,NA
Germacrene D,sesquiterpene,111.9,abma,1,NA
7-Isopropenyl-1-methyl-4-methylenedecahydroazulene,sesquiterpene,105.1,abma,1,12.36
a-selinene,sesquiterpene,102,abma,1,NA
a-cuparene,benzene,113.3,abma,1,NA
cis-5-Dodecenoic acid,fatty acid,207.6,abma,1,NA
2-Hydroxycyclopentadecanone,NA,162.8,abma,1,NA
Dodecanoic acid,fatty acid,165,abma,1,NA
Hedycaryol,terpenoid,110.9,abma,1,NA
(-)-Spathulenol,sesquiterpenoid,123.9,abma,1,NA
Caryophyllene oxide,epoxide sesquiterpene,119.7,abma,1,NA
b-eudesmol,terpene alcohol,108.6,abma,1,NA
Z-11-Tetradecenoic acid,NA,235.3,abma,1,3.05
Z-11-Pentadecenol,NA,128.6,abma,1,NA
Hexahydrofarnesyl acetone,NA,95.1,abma,1,5.81
Geranyl-a-terpinene,NA,NA,abma,1,NA
Palmitoleic acid ,NA,239.2,abma,1,NA
Sclareol,labdane diterpenoid,169%,abma,1,5.35
3-carene,bicyclic monoterpene,46,abma,2,NA
a-pinene,monoterpene,33,abma,2,1.41
b-pinene,monoterpene,36,abma,2,5.65
b-Myrcene,monoterpene,39.4,abma,2,NA
a-Phellandrene,cyclic monoterpene,47.2,abma,2,11.49
D-Limonene,cyclic monoterpene,50,abma,2,NA
c-Terpinene,cyclic monoterpene,100,abma,2,NA
2-Carene,bicyclic monoterpene,38,abma,2,NA
Terpinolene,cyclic monoterpene,100,abma,2,NA
Pinocarvone,bicyclic monoterpene,85,abma,2,NA
Terpinen-4-ol,monoterpene alcohol / monocyclic monoterpenoid,79.4,abma,2,NA
Crypton ,Ketone,87.2,abma,2,1.13
Dodecanal,Fatty aldehyde,114,abma,2,4.88
(1R)-(-)-Myrtenal,terpene aldehyde,80,abma,2,NA
Eucarvone,monocyclic monoterpenoid,90,abma,2,NA
I-Verbenone,bicyclic ketone terpene,85,abma,2,NA
a-Citrylideneethanol,NA,104.5,abma,2,NA
"4,6-Heptadienoic acid, 3, 3, 6-trimethyl-, methyl ester",NA,68.1,abma,2,NA
"Cyclohexanecarboxylic acid, 2-(2-propenyl)-, methyl ester",NA,82.6,abma,2,NA
Phellandral,monocyclic terpene aldehyde,83.6,abma,2,NA
2-Undecanone,Ketone,88.9,abma,2,2.60
"Tricyclo[3, 2,2,0]nonane-2-carboxylic acid",NA,136.5,abma,2,NA
Terpinyl acetate,methane monoterpenoid,83,abma,2,NA
delta-elemene,sesquiterpene,99.5,abma,2,NA
Ylangene,sesquiterpenoid,105.1,abma,2,NA
Copaene,sesquiterpenoid,105.1,abma,2,NA
Thujopsene,sesquiterpene,105.9,abma,2,NA
cis-beta-elemene,sesquiterpene,98.3,abma,2,NA
Caryophyllene,sesquiterpene,104.9,abma,2,8.82
a-bergamotene,sesquiterpene,100.6,abma,2,NA
trans-Sesquisabinene hydrate,sesquiterpenoid,125.4,abma,2,NA
trans-Geranylacetone,acyclic monoterpenoid ketone,107.2,abma,2,NA
(-)-Aristolene,sesquiterpene,99.9,abma,2,NA
Longifolene-(V4),sesquiterpene,95.6,abma,2,NA
Humulene,sesquiterpene,110.2,abma,2,34.00
c-Muurolene,sesquiterpene,106.5,abma,2,NA
Germacrene D,sesquiterpene,111.9,abma,2,NA
7-Isopropenyl-1-methyl-4-methylenedecahydroazulene,sesquiterpene,105.1,abma,2,NA
a-selinene,sesquiterpene,102,abma,2,NA
a-cuparene,benzene,113.3,abma,2,NA
cis-5-Dodecenoic acid,fatty acid,207.6,abma,2,NA
2-Hydroxycyclopentadecanone,NA,162.8,abma,2,NA
Dodecanoic acid,fatty acid,165,abma,2,NA
Hedycaryol,terpenoid,110.9,abma,2,NA
(-)-Spathulenol,sesquiterpenoid,123.9,abma,2,NA
Caryophyllene oxide,epoxide sesquiterpene,119.7,abma,2,1.57
b-eudesmol,terpene alcohol,108.6,abma,2,NA
Z-11-Tetradecenoic acid,NA,235.3,abma,2,NA
Z-11-Pentadecenol,NA,128.6,abma,2,NA
Hexahydrofarnesyl acetone,NA,95.1,abma,2,2.27
Geranyl-a-terpinene,NA,NA,abma,2,NA
Palmitoleic acid ,NA,239.2,abma,2,NA
Sclareol,labdane diterpenoid,169%,abma,2,NA
3-carene,bicyclic monoterpene,46,abma,3,NA
a-pinene,monoterpene,33,abma,3,NA
b-pinene,monoterpene,36,abma,3,9.95
b-Myrcene,monoterpene,39.4,abma,3,NA
a-Phellandrene,cyclic monoterpene,47.2,abma,3,23.79
D-Limonene,cyclic monoterpene,50,abma,3,NA
c-Terpinene,cyclic monoterpene,100,abma,3,NA
2-Carene,bicyclic monoterpene,38,abma,3,NA
Terpinolene,cyclic monoterpene,100,abma,3,NA
Pinocarvone,bicyclic monoterpene,85,abma,3,NA
Terpinen-4-ol,monoterpene alcohol / monocyclic monoterpenoid,79.4,abma,3,NA
Crypton ,Ketone,87.2,abma,3,NA
Dodecanal,Fatty aldehyde,114,abma,3,2.92
(1R)-(-)-Myrtenal,terpene aldehyde,80,abma,3,NA
Eucarvone,monocyclic monoterpenoid,90,abma,3,NA
I-Verbenone,bicyclic ketone terpene,85,abma,3,NA
a-Citrylideneethanol,NA,104.5,abma,3,NA
"4,6-Heptadienoic acid, 3, 3, 6-trimethyl-, methyl ester",NA,68.1,abma,3,NA
"Cyclohexanecarboxylic acid, 2-(2-propenyl)-, methyl ester",NA,82.6,abma,3,NA
Phellandral,monocyclic terpene aldehyde,83.6,abma,3,NA
2-Undecanone,Ketone,88.9,abma,3,2.41
"Tricyclo[3, 2,2,0]nonane-2-carboxylic acid",NA,136.5,abma,3,NA
Terpinyl acetate,methane monoterpenoid,83,abma,3,NA
delta-elemene,sesquiterpene,99.5,abma,3,NA
Ylangene,sesquiterpenoid,105.1,abma,3,NA
Copaene,sesquiterpenoid,105.1,abma,3,NA
Thujopsene,sesquiterpene,105.9,abma,3,NA
cis-beta-elemene,sesquiterpene,98.3,abma,3,NA
Caryophyllene,sesquiterpene,104.9,abma,3,5.50
a-bergamotene,sesquiterpene,100.6,abma,3,NA
trans-Sesquisabinene hydrate,sesquiterpenoid,125.4,abma,3,NA
trans-Geranylacetone,acyclic monoterpenoid ketone,107.2,abma,3,NA
(-)-Aristolene,sesquiterpene,99.9,abma,3,NA
Longifolene-(V4),sesquiterpene,95.6,abma,3,NA
Humulene,sesquiterpene,110.2,abma,3,NA
c-Muurolene,sesquiterpene,106.5,abma,3,NA
Germacrene D,sesquiterpene,111.9,abma,3,NA
7-Isopropenyl-1-methyl-4-methylenedecahydroazulene,sesquiterpene,105.1,abma,3,NA
a-selinene,sesquiterpene,102,abma,3,NA
a-cuparene,benzene,113.3,abma,3,NA
cis-5-Dodecenoic acid,fatty acid,207.6,abma,3,NA
2-Hydroxycyclopentadecanone,NA,162.8,abma,3,NA
Dodecanoic acid,fatty acid,165,abma,3,NA
Hedycaryol,terpenoid,110.9,abma,3,NA
(-)-Spathulenol,sesquiterpenoid,123.9,abma,3,NA
Caryophyllene oxide,epoxide sesquiterpene,119.7,abma,3,NA
b-eudesmol,terpene alcohol,108.6,abma,3,NA
Z-11-Tetradecenoic acid,NA,235.3,abma,3,3.33
Z-11-Pentadecenol,NA,128.6,abma,3,NA
Hexahydrofarnesyl acetone,NA,95.1,abma,3,3.33
Geranyl-a-terpinene,NA,NA,abma,3,NA
Palmitoleic acid ,NA,239.2,abma,3,NA
Sclareol,labdane diterpenoid,169%,abma,3,7.65
3-carene,bicyclic monoterpene,46,abma,4,NA
a-pinene,monoterpene,33,abma,4,18.13
b-pinene,monoterpene,36,abma,4,NA
b-Myrcene,monoterpene,39.4,abma,4,NA
a-Phellandrene,cyclic monoterpene,47.2,abma,4,33.15
D-Limonene,cyclic monoterpene,50,abma,4,NA
c-Terpinene,cyclic monoterpene,100,abma,4,NA
2-Carene,bicyclic monoterpene,38,abma,4,NA
Terpinolene,cyclic monoterpene,100,abma,4,NA
Pinocarvone,bicyclic monoterpene,85,abma,4,NA
Terpinen-4-ol,monoterpene alcohol / monocyclic monoterpenoid,79.4,abma,4,NA
Crypton ,Ketone,87.2,abma,4,NA
Dodecanal,Fatty aldehyde,114,abma,4,NA
(1R)-(-)-Myrtenal,terpene aldehyde,80,abma,4,NA
Eucarvone,monocyclic monoterpenoid,90,abma,4,NA
I-Verbenone,bicyclic ketone terpene,85,abma,4,NA
a-Citrylideneethanol,NA,104.5,abma,4,NA
"4,6-Heptadienoic acid, 3, 3, 6-trimethyl-, methyl ester",NA,68.1,abma,4,NA
"Cyclohexanecarboxylic acid, 2-(2-propenyl)-, methyl ester",NA,82.6,abma,4,NA
Phellandral,monocyclic terpene aldehyde,83.6,abma,4,NA
2-Undecanone,Ketone,88.9,abma,4,NA
"Tricyclo[3, 2,2,0]nonane-2-carboxylic acid",NA,136.5,abma,4,NA
Terpinyl acetate,methane monoterpenoid,83,abma,4,NA
delta-elemene,sesquiterpene,99.5,abma,4,NA
Ylangene,sesquiterpenoid,105.1,abma,4,7.30
Copaene,sesquiterpenoid,105.1,abma,4,NA
Thujopsene,sesquiterpene,105.9,abma,4,NA
cis-beta-elemene,sesquiterpene,98.3,abma,4,NA
Caryophyllene,sesquiterpene,104.9,abma,4,6.89
a-bergamotene,sesquiterpene,100.6,abma,4,NA
trans-Sesquisabinene hydrate,sesquiterpenoid,125.4,abma,4,NA
trans-Geranylacetone,acyclic monoterpenoid ketone,107.2,abma,4,NA
(-)-Aristolene,sesquiterpene,99.9,abma,4,5.84
Longifolene-(V4),sesquiterpene,95.6,abma,4,NA
Humulene,sesquiterpene,110.2,abma,4,NA
c-Muurolene,sesquiterpene,106.5,abma,4,NA
Germacrene D,sesquiterpene,111.9,abma,4,NA
7-Isopropenyl-1-methyl-4-methylenedecahydroazulene,sesquiterpene,105.1,abma,4,15.06
a-selinene,sesquiterpene,102,abma,4,NA
a-cuparene,benzene,113.3,abma,4,NA
cis-5-Dodecenoic acid,fatty acid,207.6,abma,4,NA
2-Hydroxycyclopentadecanone,NA,162.8,abma,4,NA
Dodecanoic acid,fatty acid,165,abma,4,NA
Hedycaryol,terpenoid,110.9,abma,4,NA
(-)-Spathulenol,sesquiterpenoid,123.9,abma,4,NA
Caryophyllene oxide,epoxide sesquiterpene,119.7,abma,4,NA
b-eudesmol,terpene alcohol,108.6,abma,4,NA
Z-11-Tetradecenoic acid,NA,235.3,abma,4,NA
Z-11-Pentadecenol,NA,128.6,abma,4,NA
Hexahydrofarnesyl acetone,NA,95.1,abma,4,5.80
Geranyl-a-terpinene,NA,NA,abma,4,NA
Palmitoleic acid ,NA,239.2,abma,4,NA
Sclareol,labdane diterpenoid,169%,abma,4,5.07
3-carene,bicyclic monoterpene,46,cade,1,8.40
a-pinene,monoterpene,33,cade,1,5.96
b-pinene,monoterpene,36,cade,1,2.72
b-Myrcene,monoterpene,39.4,cade,1,NA
a-Phellandrene,cyclic monoterpene,47.2,cade,1,NA
D-Limonene,cyclic monoterpene,50,cade,1,13.13
c-Terpinene,cyclic monoterpene,100,cade,1,0.60
2-Carene,bicyclic monoterpene,38,cade,1,5.06
Terpinolene,cyclic monoterpene,100,cade,1,2.32
Pinocarvone,bicyclic monoterpene,85,cade,1,NA
Terpinen-4-ol,monoterpene alcohol / monocyclic monoterpenoid,79.4,cade,1,16.93
Crypton ,Ketone,87.2,cade,1,NA
Dodecanal,Fatty aldehyde,114,cade,1,NA
(1R)-(-)-Myrtenal,terpene aldehyde,80,cade,1,NA
Eucarvone,monocyclic monoterpenoid,90,cade,1,NA
I-Verbenone,bicyclic ketone terpene,85,cade,1,NA
a-Citrylideneethanol,NA,104.5,cade,1,9.53
"4,6-Heptadienoic acid, 3, 3, 6-trimethyl-, methyl ester",NA,68.1,cade,1,NA
"Cyclohexanecarboxylic acid, 2-(2-propenyl)-, methyl ester",NA,82.6,cade,1,1.41
Phellandral,monocyclic terpene aldehyde,83.6,cade,1,NA
2-Undecanone,Ketone,88.9,cade,1,NA
"Tricyclo[3, 2,2,0]nonane-2-carboxylic acid",NA,136.5,cade,1,NA
Terpinyl acetate,methane monoterpenoid,83,cade,1,4.77
delta-elemene,sesquiterpene,99.5,cade,1,NA
Ylangene,sesquiterpenoid,105.1,cade,1,NA
Copaene,sesquiterpenoid,105.1,cade,1,NA
Thujopsene,sesquiterpene,105.9,cade,1,2.00
cis-beta-elemene,sesquiterpene,98.3,cade,1,0.86
Caryophyllene,sesquiterpene,104.9,cade,1,NA
a-bergamotene,sesquiterpene,100.6,cade,1,NA
trans-Sesquisabinene hydrate,sesquiterpenoid,125.4,cade,1,NA
trans-Geranylacetone,acyclic monoterpenoid ketone,107.2,cade,1,NA
(-)-Aristolene,sesquiterpene,99.9,cade,1,NA
Longifolene-(V4),sesquiterpene,95.6,cade,1,1.76
Humulene,sesquiterpene,110.2,cade,1,1.74
c-Muurolene,sesquiterpene,106.5,cade,1,NA
Germacrene D,sesquiterpene,111.9,cade,1,NA
7-Isopropenyl-1-methyl-4-methylenedecahydroazulene,sesquiterpene,105.1,cade,1,NA
a-selinene,sesquiterpene,102,cade,1,NA
a-cuparene,benzene,113.3,cade,1,0.93
cis-5-Dodecenoic acid,fatty acid,207.6,cade,1,1.50
2-Hydroxycyclopentadecanone,NA,162.8,cade,1,NA
Dodecanoic acid,fatty acid,165,cade,1,NA
Hedycaryol,terpenoid,110.9,cade,1,NA
(-)-Spathulenol,sesquiterpenoid,123.9,cade,1,NA
Caryophyllene oxide,epoxide sesquiterpene,119.7,cade,1,4.08
b-eudesmol,terpene alcohol,108.6,cade,1,NA
Z-11-Tetradecenoic acid,NA,235.3,cade,1,NA
Z-11-Pentadecenol,NA,128.6,cade,1,NA
Hexahydrofarnesyl acetone,NA,95.1,cade,1,1.01
Geranyl-a-terpinene,NA,NA,cade,1,NA
Palmitoleic acid ,NA,239.2,cade,1,NA
Sclareol,labdane diterpenoid,169%,cade,1,NA
3-carene,bicyclic monoterpene,46,cade,2,3.96
a-pinene,monoterpene,33,cade,2,1.40
b-pinene,monoterpene,36,cade,2,NA
b-Myrcene,monoterpene,39.4,cade,2,NA
a-Phellandrene,cyclic monoterpene,47.2,cade,2,NA
D-Limonene,cyclic monoterpene,50,cade,2,9.77
c-Terpinene,cyclic monoterpene,100,cade,2,0.79
2-Carene,bicyclic monoterpene,38,cade,2,NA
Terpinolene,cyclic monoterpene,100,cade,2,6.43
Pinocarvone,bicyclic monoterpene,85,cade,2,NA
Terpinen-4-ol,monoterpene alcohol / monocyclic monoterpenoid,79.4,cade,2,21.23
Crypton ,Ketone,87.2,cade,2,NA
Dodecanal,Fatty aldehyde,114,cade,2,NA
(1R)-(-)-Myrtenal,terpene aldehyde,80,cade,2,NA
Eucarvone,monocyclic monoterpenoid,90,cade,2,1.56
I-Verbenone,bicyclic ketone terpene,85,cade,2,NA
a-Citrylideneethanol,NA,104.5,cade,2,NA
"4,6-Heptadienoic acid, 3, 3, 6-trimethyl-, methyl ester",NA,68.1,cade,2,1.53
"Cyclohexanecarboxylic acid, 2-(2-propenyl)-, methyl ester",NA,82.6,cade,2,2.87
Phellandral,monocyclic terpene aldehyde,83.6,cade,2,NA
2-Undecanone,Ketone,88.9,cade,2,NA
"Tricyclo[3, 2,2,0]nonane-2-carboxylic acid",NA,136.5,cade,2,NA
Terpinyl acetate,methane monoterpenoid,83,cade,2,10.69
delta-elemene,sesquiterpene,99.5,cade,2,NA
Ylangene,sesquiterpenoid,105.1,cade,2,NA
Copaene,sesquiterpenoid,105.1,cade,2,NA
Thujopsene,sesquiterpene,105.9,cade,2,2.96
cis-beta-elemene,sesquiterpene,98.3,cade,2,1.29
Caryophyllene,sesquiterpene,104.9,cade,2,1.03
a-bergamotene,sesquiterpene,100.6,cade,2,NA
trans-Sesquisabinene hydrate,sesquiterpenoid,125.4,cade,2,0.43
trans-Geranylacetone,acyclic monoterpenoid ketone,107.2,cade,2,NA
(-)-Aristolene,sesquiterpene,99.9,cade,2,NA
Longifolene-(V4),sesquiterpene,95.6,cade,2,3.03
Humulene,sesquiterpene,110.2,cade,2,1.67
c-Muurolene,sesquiterpene,106.5,cade,2,NA
Germacrene D,sesquiterpene,111.9,cade,2,NA
7-Isopropenyl-1-methyl-4-methylenedecahydroazulene,sesquiterpene,105.1,cade,2,NA
a-selinene,sesquiterpene,102,cade,2,NA
a-cuparene,benzene,113.3,cade,2,0.79
cis-5-Dodecenoic acid,fatty acid,207.6,cade,2,NA
2-Hydroxycyclopentadecanone,NA,162.8,cade,2,NA
Dodecanoic acid,fatty acid,165,cade,2,1.00
Hedycaryol,terpenoid,110.9,cade,2,NA
(-)-Spathulenol,sesquiterpenoid,123.9,cade,2,NA
Caryophyllene oxide,epoxide sesquiterpene,119.7,cade,2,NA
b-eudesmol,terpene alcohol,108.6,cade,2,NA
Z-11-Tetradecenoic acid,NA,235.3,cade,2,0.37
Z-11-Pentadecenol,NA,128.6,cade,2,NA
Hexahydrofarnesyl acetone,NA,95.1,cade,2,0.53
Geranyl-a-terpinene,NA,NA,cade,2,NA
Palmitoleic acid ,NA,239.2,cade,2,NA
Sclareol,labdane diterpenoid,169%,cade,2,NA
3-carene,bicyclic monoterpene,46,cade,3,4.48
a-pinene,monoterpene,33,cade,3,1.86
b-pinene,monoterpene,36,cade,3,NA
b-Myrcene,monoterpene,39.4,cade,3,NA
a-Phellandrene,cyclic monoterpene,47.2,cade,3,NA
D-Limonene,cyclic monoterpene,50,cade,3,13.75
c-Terpinene,cyclic monoterpene,100,cade,3,NA
2-Carene,bicyclic monoterpene,38,cade,3,NA
Terpinolene,cyclic monoterpene,100,cade,3,6.05
Pinocarvone,bicyclic monoterpene,85,cade,3,NA
Terpinen-4-ol,monoterpene alcohol / monocyclic monoterpenoid,79.4,cade,3,16.90
Crypton ,Ketone,87.2,cade,3,NA
Dodecanal,Fatty aldehyde,114,cade,3,NA
(1R)-(-)-Myrtenal,terpene aldehyde,80,cade,3,NA
Eucarvone,monocyclic monoterpenoid,90,cade,3,1.34
I-Verbenone,bicyclic ketone terpene,85,cade,3,NA
a-Citrylideneethanol,NA,104.5,cade,3,9.96
"4,6-Heptadienoic acid, 3, 3, 6-trimethyl-, methyl ester",NA,68.1,cade,3,7.04
"Cyclohexanecarboxylic acid, 2-(2-propenyl)-, methyl ester",NA,82.6,cade,3,NA
Phellandral,monocyclic terpene aldehyde,83.6,cade,3,NA
2-Undecanone,Ketone,88.9,cade,3,NA
"Tricyclo[3, 2,2,0]nonane-2-carboxylic acid",NA,136.5,cade,3,13.15
Terpinyl acetate,methane monoterpenoid,83,cade,3,8.81
delta-elemene,sesquiterpene,99.5,cade,3,NA
Ylangene,sesquiterpenoid,105.1,cade,3,NA
Copaene,sesquiterpenoid,105.1,cade,3,NA
Thujopsene,sesquiterpene,105.9,cade,3,3.31
cis-beta-elemene,sesquiterpene,98.3,cade,3,NA
Caryophyllene,sesquiterpene,104.9,cade,3,NA
a-bergamotene,sesquiterpene,100.6,cade,3,NA
trans-Sesquisabinene hydrate,sesquiterpenoid,125.4,cade,3,NA
trans-Geranylacetone,acyclic monoterpenoid ketone,107.2,cade,3,NA
(-)-Aristolene,sesquiterpene,99.9,cade,3,NA
Longifolene-(V4),sesquiterpene,95.6,cade,3,8.16
Humulene,sesquiterpene,110.2,cade,3,NA
c-Muurolene,sesquiterpene,106.5,cade,3,NA
Germacrene D,sesquiterpene,111.9,cade,3,NA
7-Isopropenyl-1-methyl-4-methylenedecahydroazulene,sesquiterpene,105.1,cade,3,NA
a-selinene,sesquiterpene,102,cade,3,NA
a-cuparene,benzene,113.3,cade,3,NA
cis-5-Dodecenoic acid,fatty acid,207.6,cade,3,NA
2-Hydroxycyclopentadecanone,NA,162.8,cade,3,NA
Dodecanoic acid,fatty acid,165,cade,3,NA
Hedycaryol,terpenoid,110.9,cade,3,NA
(-)-Spathulenol,sesquiterpenoid,123.9,cade,3,NA
Caryophyllene oxide,epoxide sesquiterpene,119.7,cade,3,NA
b-eudesmol,terpene alcohol,108.6,cade,3,NA
Z-11-Tetradecenoic acid,NA,235.3,cade,3,NA
Z-11-Pentadecenol,NA,128.6,cade,3,NA
Hexahydrofarnesyl acetone,NA,95.1,cade,3,0.73
Geranyl-a-terpinene,NA,NA,cade,3,NA
Palmitoleic acid ,NA,239.2,cade,3,NA
Sclareol,labdane diterpenoid,169%,cade,3,NA
3-carene,bicyclic monoterpene,46,cade,4,5.06
a-pinene,monoterpene,33,cade,4,1.27
b-pinene,monoterpene,36,cade,4,NA
b-Myrcene,monoterpene,39.4,cade,4,NA
a-Phellandrene,cyclic monoterpene,47.2,cade,4,NA
D-Limonene,cyclic monoterpene,50,cade,4,33.12
c-Terpinene,cyclic monoterpene,100,cade,4,NA
2-Carene,bicyclic monoterpene,38,cade,4,NA
Terpinolene,cyclic monoterpene,100,cade,4,4.25
Pinocarvone,bicyclic monoterpene,85,cade,4,NA
Terpinen-4-ol,monoterpene alcohol / monocyclic monoterpenoid,79.4,cade,4,NA
Crypton ,Ketone,87.2,cade,4,NA
Dodecanal,Fatty aldehyde,114,cade,4,NA
(1R)-(-)-Myrtenal,terpene aldehyde,80,cade,4,NA
Eucarvone,monocyclic monoterpenoid,90,cade,4,NA
I-Verbenone,bicyclic ketone terpene,85,cade,4,NA
a-Citrylideneethanol,NA,104.5,cade,4,NA
"4,6-Heptadienoic acid, 3, 3, 6-trimethyl-, methyl ester",NA,68.1,cade,4,NA
"Cyclohexanecarboxylic acid, 2-(2-propenyl)-, methyl ester",NA,82.6,cade,4,NA
Phellandral,monocyclic terpene aldehyde,83.6,cade,4,NA
2-Undecanone,Ketone,88.9,cade,4,NA
"Tricyclo[3, 2,2,0]nonane-2-carboxylic acid",NA,136.5,cade,4,5.30
Terpinyl acetate,methane monoterpenoid,83,cade,4,6.75
delta-elemene,sesquiterpene,99.5,cade,4,NA
Ylangene,sesquiterpenoid,105.1,cade,4,NA
Copaene,sesquiterpenoid,105.1,cade,4,NA
Thujopsene,sesquiterpene,105.9,cade,4,NA
cis-beta-elemene,sesquiterpene,98.3,cade,4,NA
Caryophyllene,sesquiterpene,104.9,cade,4,NA
a-bergamotene,sesquiterpene,100.6,cade,4,NA
trans-Sesquisabinene hydrate,sesquiterpenoid,125.4,cade,4,8.61
trans-Geranylacetone,acyclic monoterpenoid ketone,107.2,cade,4,NA
(-)-Aristolene,sesquiterpene,99.9,cade,4,NA
Longifolene-(V4),sesquiterpene,95.6,cade,4,NA
Humulene,sesquiterpene,110.2,cade,4,NA
c-Muurolene,sesquiterpene,106.5,cade,4,NA
Germacrene D,sesquiterpene,111.9,cade,4,NA
7-Isopropenyl-1-methyl-4-methylenedecahydroazulene,sesquiterpene,105.1,cade,4,NA
a-selinene,sesquiterpene,102,cade,4,NA
a-cuparene,benzene,113.3,cade,4,NA
cis-5-Dodecenoic acid,fatty acid,207.6,cade,4,NA
2-Hydroxycyclopentadecanone,NA,162.8,cade,4,NA
Dodecanoic acid,fatty acid,165,cade,4,NA
Hedycaryol,terpenoid,110.9,cade,4,NA
(-)-Spathulenol,sesquiterpenoid,123.9,cade,4,NA
Caryophyllene oxide,epoxide sesquiterpene,119.7,cade,4,0.97
b-eudesmol,terpene alcohol,108.6,cade,4,NA
Z-11-Tetradecenoic acid,NA,235.3,cade,4,NA
Z-11-Pentadecenol,NA,128.6,cade,4,NA
Hexahydrofarnesyl acetone,NA,95.1,cade,4,1.19
Geranyl-a-terpinene,NA,NA,cade,4,NA
Palmitoleic acid ,NA,239.2,cade,4,NA
Sclareol,labdane diterpenoid,169%,cade,4,NA
3-carene,bicyclic monoterpene,46,pije,1,NA
a-pinene,monoterpene,33,pije,1,5.78
b-pinene,monoterpene,36,pije,1,NA
b-Myrcene,monoterpene,39.4,pije,1,NA
a-Phellandrene,cyclic monoterpene,47.2,pije,1,NA
D-Limonene,cyclic monoterpene,50,pije,1,NA
c-Terpinene,cyclic monoterpene,100,pije,1,NA
2-Carene,bicyclic monoterpene,38,pije,1,NA
Terpinolene,cyclic monoterpene,100,pije,1,NA
Pinocarvone,bicyclic monoterpene,85,pije,1,NA
Terpinen-4-ol,monoterpene alcohol / monocyclic monoterpenoid,79.4,pije,1,NA
Crypton ,Ketone,87.2,pije,1,NA
Dodecanal,Fatty aldehyde,114,pije,1,NA
(1R)-(-)-Myrtenal,terpene aldehyde,80,pije,1,NA
Eucarvone,monocyclic monoterpenoid,90,pije,1,NA
I-Verbenone,bicyclic ketone terpene,85,pije,1,NA
a-Citrylideneethanol,NA,104.5,pije,1,NA
"4,6-Heptadienoic acid, 3, 3, 6-trimethyl-, methyl ester",NA,68.1,pije,1,NA
"Cyclohexanecarboxylic acid, 2-(2-propenyl)-, methyl ester",NA,82.6,pije,1,NA
Phellandral,monocyclic terpene aldehyde,83.6,pije,1,NA
2-Undecanone,Ketone,88.9,pije,1,NA
"Tricyclo[3, 2,2,0]nonane-2-carboxylic acid",NA,136.5,pije,1,NA
Terpinyl acetate,methane monoterpenoid,83,pije,1,NA
delta-elemene,sesquiterpene,99.5,pije,1,NA
Ylangene,sesquiterpenoid,105.1,pije,1,NA
Copaene,sesquiterpenoid,105.1,pije,1,7.84
Thujopsene,sesquiterpene,105.9,pije,1,NA
cis-beta-elemene,sesquiterpene,98.3,pije,1,NA
Caryophyllene,sesquiterpene,104.9,pije,1,4.46
a-bergamotene,sesquiterpene,100.6,pije,1,3.13
trans-Sesquisabinene hydrate,sesquiterpenoid,125.4,pije,1,NA
trans-Geranylacetone,acyclic monoterpenoid ketone,107.2,pije,1,NA
(-)-Aristolene,sesquiterpene,99.9,pije,1,NA
Longifolene-(V4),sesquiterpene,95.6,pije,1,5.36
Humulene,sesquiterpene,110.2,pije,1,2.46
c-Muurolene,sesquiterpene,106.5,pije,1,5.16
Germacrene D,sesquiterpene,111.9,pije,1,NA
7-Isopropenyl-1-methyl-4-methylenedecahydroazulene,sesquiterpene,105.1,pije,1,NA
a-selinene,sesquiterpene,102,pije,1,NA
a-cuparene,benzene,113.3,pije,1,NA
cis-5-Dodecenoic acid,fatty acid,207.6,pije,1,NA
2-Hydroxycyclopentadecanone,NA,162.8,pije,1,NA
Dodecanoic acid,fatty acid,165,pije,1,15.18
Hedycaryol,terpenoid,110.9,pije,1,NA
(-)-Spathulenol,sesquiterpenoid,123.9,pije,1,12.13
Caryophyllene oxide,epoxide sesquiterpene,119.7,pije,1,NA
b-eudesmol,terpene alcohol,108.6,pije,1,NA
Z-11-Tetradecenoic acid,NA,235.3,pije,1,NA
Z-11-Pentadecenol,NA,128.6,pije,1,8.05
Hexahydrofarnesyl acetone,NA,95.1,pije,1,12.38
Geranyl-a-terpinene,NA,NA,pije,1,NA
Palmitoleic acid ,NA,239.2,pije,1,NA
Sclareol,labdane diterpenoid,169%,pije,1,NA
3-carene,bicyclic monoterpene,46,pije,2,1.86
a-pinene,monoterpene,33,pije,2,8.21
b-pinene,monoterpene,36,pije,2,NA
b-Myrcene,monoterpene,39.4,pije,2,NA
a-Phellandrene,cyclic monoterpene,47.2,pije,2,NA
D-Limonene,cyclic monoterpene,50,pije,2,NA
c-Terpinene,cyclic monoterpene,100,pije,2,NA
2-Carene,bicyclic monoterpene,38,pije,2,NA
Terpinolene,cyclic monoterpene,100,pije,2,NA
Pinocarvone,bicyclic monoterpene,85,pije,2,NA
Terpinen-4-ol,monoterpene alcohol / monocyclic monoterpenoid,79.4,pije,2,NA
Crypton ,Ketone,87.2,pije,2,NA
Dodecanal,Fatty aldehyde,114,pije,2,NA
(1R)-(-)-Myrtenal,terpene aldehyde,80,pije,2,NA
Eucarvone,monocyclic monoterpenoid,90,pije,2,NA
I-Verbenone,bicyclic ketone terpene,85,pije,2,NA
a-Citrylideneethanol,NA,104.5,pije,2,NA
"4,6-Heptadienoic acid, 3, 3, 6-trimethyl-, methyl ester",NA,68.1,pije,2,NA
"Cyclohexanecarboxylic acid, 2-(2-propenyl)-, methyl ester",NA,82.6,pije,2,NA
Phellandral,monocyclic terpene aldehyde,83.6,pije,2,NA
2-Undecanone,Ketone,88.9,pije,2,NA
"Tricyclo[3, 2,2,0]nonane-2-carboxylic acid",NA,136.5,pije,2,NA
Terpinyl acetate,methane monoterpenoid,83,pije,2,NA
delta-elemene,sesquiterpene,99.5,pije,2,NA
Ylangene,sesquiterpenoid,105.1,pije,2,NA
Copaene,sesquiterpenoid,105.1,pije,2,11.16
Thujopsene,sesquiterpene,105.9,pije,2,NA
cis-beta-elemene,sesquiterpene,98.3,pije,2,1.06
Caryophyllene,sesquiterpene,104.9,pije,2,6.96
a-bergamotene,sesquiterpene,100.6,pije,2,3.69
trans-Sesquisabinene hydrate,sesquiterpenoid,125.4,pije,2,NA
trans-Geranylacetone,acyclic monoterpenoid ketone,107.2,pije,2,NA
(-)-Aristolene,sesquiterpene,99.9,pije,2,NA
Longifolene-(V4),sesquiterpene,95.6,pije,2,NA
Humulene,sesquiterpene,110.2,pije,2,3.25
c-Muurolene,sesquiterpene,106.5,pije,2,7.88
Germacrene D,sesquiterpene,111.9,pije,2,7.75
7-Isopropenyl-1-methyl-4-methylenedecahydroazulene,sesquiterpene,105.1,pije,2,NA
a-selinene,sesquiterpene,102,pije,2,NA
a-cuparene,benzene,113.3,pije,2,NA
cis-5-Dodecenoic acid,fatty acid,207.6,pije,2,NA
2-Hydroxycyclopentadecanone,NA,162.8,pije,2,NA
Dodecanoic acid,fatty acid,165,pije,2,12.22
Hedycaryol,terpenoid,110.9,pije,2,NA
(-)-Spathulenol,sesquiterpenoid,123.9,pije,2,7.94
Caryophyllene oxide,epoxide sesquiterpene,119.7,pije,2,NA
b-eudesmol,terpene alcohol,108.6,pije,2,NA
Z-11-Tetradecenoic acid,NA,235.3,pije,2,4.76
Z-11-Pentadecenol,NA,128.6,pije,2,NA
Hexahydrofarnesyl acetone,NA,95.1,pije,2,8.74
Geranyl-a-terpinene,NA,NA,pije,2,NA
Palmitoleic acid ,NA,239.2,pije,2,NA
Sclareol,labdane diterpenoid,169%,pije,2,NA
3-carene,bicyclic monoterpene,46,pije,3,NA
a-pinene,monoterpene,33,pije,3,4.99
b-pinene,monoterpene,36,pije,3,NA
b-Myrcene,monoterpene,39.4,pije,3,NA
a-Phellandrene,cyclic monoterpene,47.2,pije,3,NA
D-Limonene,cyclic monoterpene,50,pije,3,NA
c-Terpinene,cyclic monoterpene,100,pije,3,NA
2-Carene,bicyclic monoterpene,38,pije,3,NA
Terpinolene,cyclic monoterpene,100,pije,3,NA
Pinocarvone,bicyclic monoterpene,85,pije,3,NA
Terpinen-4-ol,monoterpene alcohol / monocyclic monoterpenoid,79.4,pije,3,NA
Crypton ,Ketone,87.2,pije,3,NA
Dodecanal,Fatty aldehyde,114,pije,3,NA
(1R)-(-)-Myrtenal,terpene aldehyde,80,pije,3,NA
Eucarvone,monocyclic monoterpenoid,90,pije,3,NA
I-Verbenone,bicyclic ketone terpene,85,pije,3,NA
a-Citrylideneethanol,NA,104.5,pije,3,NA
"4,6-Heptadienoic acid, 3, 3, 6-trimethyl-, methyl ester",NA,68.1,pije,3,NA
"Cyclohexanecarboxylic acid, 2-(2-propenyl)-, methyl ester",NA,82.6,pije,3,NA
Phellandral,monocyclic terpene aldehyde,83.6,pije,3,NA
2-Undecanone,Ketone,88.9,pije,3,NA
"Tricyclo[3, 2,2,0]nonane-2-carboxylic acid",NA,136.5,pije,3,NA
Terpinyl acetate,methane monoterpenoid,83,pije,3,NA
delta-elemene,sesquiterpene,99.5,pije,3,NA
Ylangene,sesquiterpenoid,105.1,pije,3,NA
Copaene,sesquiterpenoid,105.1,pije,3,NA
Thujopsene,sesquiterpene,105.9,pije,3,NA
cis-beta-elemene,sesquiterpene,98.3,pije,3,NA
Caryophyllene,sesquiterpene,104.9,pije,3,3.71
a-bergamotene,sesquiterpene,100.6,pije,3,NA
trans-Sesquisabinene hydrate,sesquiterpenoid,125.4,pije,3,NA
trans-Geranylacetone,acyclic monoterpenoid ketone,107.2,pije,3,NA
(-)-Aristolene,sesquiterpene,99.9,pije,3,NA
Longifolene-(V4),sesquiterpene,95.6,pije,3,NA
Humulene,sesquiterpene,110.2,pije,3,NA
c-Muurolene,sesquiterpene,106.5,pije,3,NA
Germacrene D,sesquiterpene,111.9,pije,3,NA
7-Isopropenyl-1-methyl-4-methylenedecahydroazulene,sesquiterpene,105.1,pije,3,NA
a-selinene,sesquiterpene,102,pije,3,NA
a-cuparene,benzene,113.3,pije,3,NA
cis-5-Dodecenoic acid,fatty acid,207.6,pije,3,NA
2-Hydroxycyclopentadecanone,NA,162.8,pije,3,NA
Dodecanoic acid,fatty acid,165,pije,3,NA
Hedycaryol,terpenoid,110.9,pije,3,NA
(-)-Spathulenol,sesquiterpenoid,123.9,pije,3,NA
Caryophyllene oxide,epoxide sesquiterpene,119.7,pije,3,NA
b-eudesmol,terpene alcohol,108.6,pije,3,NA
Z-11-Tetradecenoic acid,NA,235.3,pije,3,36.29
Z-11-Pentadecenol,NA,128.6,pije,3,NA
Hexahydrofarnesyl acetone,NA,95.1,pije,3,29.68
Geranyl-a-terpinene,NA,NA,pije,3,NA
Palmitoleic acid ,NA,239.2,pije,3,NA
Sclareol,labdane diterpenoid,169%,pije,3,NA
3-carene,bicyclic monoterpene,46,pije,4,NA
a-pinene,monoterpene,33,pije,4,20.25
b-pinene,monoterpene,36,pije,4,NA
b-Myrcene,monoterpene,39.4,pije,4,NA
a-Phellandrene,cyclic monoterpene,47.2,pije,4,NA
D-Limonene,cyclic monoterpene,50,pije,4,NA
c-Terpinene,cyclic monoterpene,100,pije,4,NA
2-Carene,bicyclic monoterpene,38,pije,4,NA
Terpinolene,cyclic monoterpene,100,pije,4,NA
Pinocarvone,bicyclic monoterpene,85,pije,4,NA
Terpinen-4-ol,monoterpene alcohol / monocyclic monoterpenoid,79.4,pije,4,NA
Crypton ,Ketone,87.2,pije,4,NA
Dodecanal,Fatty aldehyde,114,pije,4,NA
(1R)-(-)-Myrtenal,terpene aldehyde,80,pije,4,NA
Eucarvone,monocyclic monoterpenoid,90,pije,4,NA
I-Verbenone,bicyclic ketone terpene,85,pije,4,NA
a-Citrylideneethanol,NA,104.5,pije,4,NA
"4,6-Heptadienoic acid, 3, 3, 6-trimethyl-, methyl ester",NA,68.1,pije,4,NA
"Cyclohexanecarboxylic acid, 2-(2-propenyl)-, methyl ester",NA,82.6,pije,4,NA
Phellandral,monocyclic terpene aldehyde,83.6,pije,4,NA
2-Undecanone,Ketone,88.9,pije,4,NA
"Tricyclo[3, 2,2,0]nonane-2-carboxylic acid",NA,136.5,pije,4,NA
Terpinyl acetate,methane monoterpenoid,83,pije,4,NA
delta-elemene,sesquiterpene,99.5,pije,4,NA
Ylangene,sesquiterpenoid,105.1,pije,4,10.60
Copaene,sesquiterpenoid,105.1,pije,4,9.25
Thujopsene,sesquiterpene,105.9,pije,4,NA
cis-beta-elemene,sesquiterpene,98.3,pije,4,NA
Caryophyllene,sesquiterpene,104.9,pije,4,5.07
a-bergamotene,sesquiterpene,100.6,pije,4,3.40
trans-Sesquisabinene hydrate,sesquiterpenoid,125.4,pije,4,NA
trans-Geranylacetone,acyclic monoterpenoid ketone,107.2,pije,4,4.19
(-)-Aristolene,sesquiterpene,99.9,pije,4,NA
Longifolene-(V4),sesquiterpene,95.6,pije,4,NA
Humulene,sesquiterpene,110.2,pije,4,NA
c-Muurolene,sesquiterpene,106.5,pije,4,NA
Germacrene D,sesquiterpene,111.9,pije,4,NA
7-Isopropenyl-1-methyl-4-methylenedecahydroazulene,sesquiterpene,105.1,pije,4,NA
a-selinene,sesquiterpene,102,pije,4,NA
a-cuparene,benzene,113.3,pije,4,NA
cis-5-Dodecenoic acid,fatty acid,207.6,pije,4,NA
2-Hydroxycyclopentadecanone,NA,162.8,pije,4,NA
Dodecanoic acid,fatty acid,165,pije,4,16.75
Hedycaryol,terpenoid,110.9,pije,4,NA
(-)-Spathulenol,sesquiterpenoid,123.9,pije,4,NA
Caryophyllene oxide,epoxide sesquiterpene,119.7,pije,4,NA
b-eudesmol,terpene alcohol,108.6,pije,4,NA
Z-11-Tetradecenoic acid,NA,235.3,pije,4,5.46
Z-11-Pentadecenol,NA,128.6,pije,4,NA
Hexahydrofarnesyl acetone,NA,95.1,pije,4,9.72
Geranyl-a-terpinene,NA,NA,pije,4,NA
Palmitoleic acid ,NA,239.2,pije,4,NA
Sclareol,labdane diterpenoid,169%,pije,4,NA
3-carene,bicyclic monoterpene,46,pila,1,NA
a-pinene,monoterpene,33,pila,1,NA
b-pinene,monoterpene,36,pila,1,NA
b-Myrcene,monoterpene,39.4,pila,1,NA
a-Phellandrene,cyclic monoterpene,47.2,pila,1,NA
D-Limonene,cyclic monoterpene,50,pila,1,NA
c-Terpinene,cyclic monoterpene,100,pila,1,NA
2-Carene,bicyclic monoterpene,38,pila,1,NA
Terpinolene,cyclic monoterpene,100,pila,1,NA
Pinocarvone,bicyclic monoterpene,85,pila,1,NA
Terpinen-4-ol,monoterpene alcohol / monocyclic monoterpenoid,79.4,pila,1,NA
Crypton ,Ketone,87.2,pila,1,NA
Dodecanal,Fatty aldehyde,114,pila,1,NA
(1R)-(-)-Myrtenal,terpene aldehyde,80,pila,1,NA
Eucarvone,monocyclic monoterpenoid,90,pila,1,NA
I-Verbenone,bicyclic ketone terpene,85,pila,1,NA
a-Citrylideneethanol,NA,104.5,pila,1,NA
"4,6-Heptadienoic acid, 3, 3, 6-trimethyl-, methyl ester",NA,68.1,pila,1,NA
"Cyclohexanecarboxylic acid, 2-(2-propenyl)-, methyl ester",NA,82.6,pila,1,NA
Phellandral,monocyclic terpene aldehyde,83.6,pila,1,NA
2-Undecanone,Ketone,88.9,pila,1,NA
"Tricyclo[3, 2,2,0]nonane-2-carboxylic acid",NA,136.5,pila,1,NA
Terpinyl acetate,methane monoterpenoid,83,pila,1,NA
delta-elemene,sesquiterpene,99.5,pila,1,NA
Ylangene,sesquiterpenoid,105.1,pila,1,11.06
Copaene,sesquiterpenoid,105.1,pila,1,NA
Thujopsene,sesquiterpene,105.9,pila,1,NA
cis-beta-elemene,sesquiterpene,98.3,pila,1,NA
Caryophyllene,sesquiterpene,104.9,pila,1,7.23
a-bergamotene,sesquiterpene,100.6,pila,1,NA
trans-Sesquisabinene hydrate,sesquiterpenoid,125.4,pila,1,NA
trans-Geranylacetone,acyclic monoterpenoid ketone,107.2,pila,1,6.05
(-)-Aristolene,sesquiterpene,99.9,pila,1,NA
Longifolene-(V4),sesquiterpene,95.6,pila,1,NA
Humulene,sesquiterpene,110.2,pila,1,NA
c-Muurolene,sesquiterpene,106.5,pila,1,NA
Germacrene D,sesquiterpene,111.9,pila,1,NA
7-Isopropenyl-1-methyl-4-methylenedecahydroazulene,sesquiterpene,105.1,pila,1,NA
a-selinene,sesquiterpene,102,pila,1,NA
a-cuparene,benzene,113.3,pila,1,NA
cis-5-Dodecenoic acid,fatty acid,207.6,pila,1,NA
2-Hydroxycyclopentadecanone,NA,162.8,pila,1,NA
Dodecanoic acid,fatty acid,165,pila,1,NA
Hedycaryol,terpenoid,110.9,pila,1,NA
(-)-Spathulenol,sesquiterpenoid,123.9,pila,1,NA
Caryophyllene oxide,epoxide sesquiterpene,119.7,pila,1,NA
b-eudesmol,terpene alcohol,108.6,pila,1,NA
Z-11-Tetradecenoic acid,NA,235.3,pila,1,35.30
Z-11-Pentadecenol,NA,128.6,pila,1,NA
Hexahydrofarnesyl acetone,NA,95.1,pila,1,11.19
Geranyl-a-terpinene,NA,NA,pila,1,NA
Palmitoleic acid ,NA,239.2,pila,1,NA
Sclareol,labdane diterpenoid,169%,pila,1,NA
3-carene,bicyclic monoterpene,46,pila,2,NA
a-pinene,monoterpene,33,pila,2,NA
b-pinene,monoterpene,36,pila,2,NA
b-Myrcene,monoterpene,39.4,pila,2,NA
a-Phellandrene,cyclic monoterpene,47.2,pila,2,NA
D-Limonene,cyclic monoterpene,50,pila,2,NA
c-Terpinene,cyclic monoterpene,100,pila,2,NA
2-Carene,bicyclic monoterpene,38,pila,2,NA
Terpinolene,cyclic monoterpene,100,pila,2,NA
Pinocarvone,bicyclic monoterpene,85,pila,2,NA
Terpinen-4-ol,monoterpene alcohol / monocyclic monoterpenoid,79.4,pila,2,NA
Crypton ,Ketone,87.2,pila,2,NA
Dodecanal,Fatty aldehyde,114,pila,2,NA
(1R)-(-)-Myrtenal,terpene aldehyde,80,pila,2,NA
Eucarvone,monocyclic monoterpenoid,90,pila,2,NA
I-Verbenone,bicyclic ketone terpene,85,pila,2,NA
a-Citrylideneethanol,NA,104.5,pila,2,NA
"4,6-Heptadienoic acid, 3, 3, 6-trimethyl-, methyl ester",NA,68.1,pila,2,NA
"Cyclohexanecarboxylic acid, 2-(2-propenyl)-, methyl ester",NA,82.6,pila,2,NA
Phellandral,monocyclic terpene aldehyde,83.6,pila,2,NA
2-Undecanone,Ketone,88.9,pila,2,NA
"Tricyclo[3, 2,2,0]nonane-2-carboxylic acid",NA,136.5,pila,2,NA
Terpinyl acetate,methane monoterpenoid,83,pila,2,NA
delta-elemene,sesquiterpene,99.5,pila,2,NA
Ylangene,sesquiterpenoid,105.1,pila,2,2.63
Copaene,sesquiterpenoid,105.1,pila,2,NA
Thujopsene,sesquiterpene,105.9,pila,2,NA
cis-beta-elemene,sesquiterpene,98.3,pila,2,NA
Caryophyllene,sesquiterpene,104.9,pila,2,NA
a-bergamotene,sesquiterpene,100.6,pila,2,NA
trans-Sesquisabinene hydrate,sesquiterpenoid,125.4,pila,2,NA
trans-Geranylacetone,acyclic monoterpenoid ketone,107.2,pila,2,6.40
(-)-Aristolene,sesquiterpene,99.9,pila,2,NA
Longifolene-(V4),sesquiterpene,95.6,pila,2,NA
Humulene,sesquiterpene,110.2,pila,2,NA
c-Muurolene,sesquiterpene,106.5,pila,2,NA
Germacrene D,sesquiterpene,111.9,pila,2,NA
7-Isopropenyl-1-methyl-4-methylenedecahydroazulene,sesquiterpene,105.1,pila,2,NA
a-selinene,sesquiterpene,102,pila,2,NA
a-cuparene,benzene,113.3,pila,2,NA
cis-5-Dodecenoic acid,fatty acid,207.6,pila,2,NA
2-Hydroxycyclopentadecanone,NA,162.8,pila,2,NA
Dodecanoic acid,fatty acid,165,pila,2,NA
Hedycaryol,terpenoid,110.9,pila,2,NA
(-)-Spathulenol,sesquiterpenoid,123.9,pila,2,NA
Caryophyllene oxide,epoxide sesquiterpene,119.7,pila,2,NA
b-eudesmol,terpene alcohol,108.6,pila,2,NA
Z-11-Tetradecenoic acid,NA,235.3,pila,2,20.83
Z-11-Pentadecenol,NA,128.6,pila,2,NA
Hexahydrofarnesyl acetone,NA,95.1,pila,2,7.96
Geranyl-a-terpinene,NA,NA,pila,2,NA
Palmitoleic acid ,NA,239.2,pila,2,NA
Sclareol,labdane diterpenoid,169%,pila,2,NA
3-carene,bicyclic monoterpene,46,pila,3,NA
a-pinene,monoterpene,33,pila,3,NA
b-pinene,monoterpene,36,pila,3,NA
b-Myrcene,monoterpene,39.4,pila,3,NA
a-Phellandrene,cyclic monoterpene,47.2,pila,3,NA
D-Limonene,cyclic monoterpene,50,pila,3,NA
c-Terpinene,cyclic monoterpene,100,pila,3,NA
2-Carene,bicyclic monoterpene,38,pila,3,NA
Terpinolene,cyclic monoterpene,100,pila,3,NA
Pinocarvone,bicyclic monoterpene,85,pila,3,NA
Terpinen-4-ol,monoterpene alcohol / monocyclic monoterpenoid,79.4,pila,3,NA
Crypton ,Ketone,87.2,pila,3,NA
Dodecanal,Fatty aldehyde,114,pila,3,NA
(1R)-(-)-Myrtenal,terpene aldehyde,80,pila,3,NA
Eucarvone,monocyclic monoterpenoid,90,pila,3,NA
I-Verbenone,bicyclic ketone terpene,85,pila,3,NA
a-Citrylideneethanol,NA,104.5,pila,3,NA
"4,6-Heptadienoic acid, 3, 3, 6-trimethyl-, methyl ester",NA,68.1,pila,3,NA
"Cyclohexanecarboxylic acid, 2-(2-propenyl)-, methyl ester",NA,82.6,pila,3,NA
Phellandral,monocyclic terpene aldehyde,83.6,pila,3,NA
2-Undecanone,Ketone,88.9,pila,3,NA
"Tricyclo[3, 2,2,0]nonane-2-carboxylic acid",NA,136.5,pila,3,NA
Terpinyl acetate,methane monoterpenoid,83,pila,3,NA
delta-elemene,sesquiterpene,99.5,pila,3,NA
Ylangene,sesquiterpenoid,105.1,pila,3,14.32
Copaene,sesquiterpenoid,105.1,pila,3,NA
Thujopsene,sesquiterpene,105.9,pila,3,NA
cis-beta-elemene,sesquiterpene,98.3,pila,3,NA
Caryophyllene,sesquiterpene,104.9,pila,3,5.42
a-bergamotene,sesquiterpene,100.6,pila,3,NA
trans-Sesquisabinene hydrate,sesquiterpenoid,125.4,pila,3,NA
trans-Geranylacetone,acyclic monoterpenoid ketone,107.2,pila,3,6.97
(-)-Aristolene,sesquiterpene,99.9,pila,3,NA
Longifolene-(V4),sesquiterpene,95.6,pila,3,NA
Humulene,sesquiterpene,110.2,pila,3,2.57
c-Muurolene,sesquiterpene,106.5,pila,3,NA
Germacrene D,sesquiterpene,111.9,pila,3,NA
7-Isopropenyl-1-methyl-4-methylenedecahydroazulene,sesquiterpene,105.1,pila,3,NA
a-selinene,sesquiterpene,102,pila,3,NA
a-cuparene,benzene,113.3,pila,3,NA
cis-5-Dodecenoic acid,fatty acid,207.6,pila,3,NA
2-Hydroxycyclopentadecanone,NA,162.8,pila,3,NA
Dodecanoic acid,fatty acid,165,pila,3,17.31
Hedycaryol,terpenoid,110.9,pila,3,NA
(-)-Spathulenol,sesquiterpenoid,123.9,pila,3,NA
Caryophyllene oxide,epoxide sesquiterpene,119.7,pila,3,3.10
b-eudesmol,terpene alcohol,108.6,pila,3,NA
Z-11-Tetradecenoic acid,NA,235.3,pila,3,25.86
Z-11-Pentadecenol,NA,128.6,pila,3,NA
Hexahydrofarnesyl acetone,NA,95.1,pila,3,12.12
Geranyl-a-terpinene,NA,NA,pila,3,NA
Palmitoleic acid ,NA,239.2,pila,3,2.81
Sclareol,labdane diterpenoid,169%,pila,3,NA
3-carene,bicyclic monoterpene,46,pila,4,NA
a-pinene,monoterpene,33,pila,4,NA
b-pinene,monoterpene,36,pila,4,NA
b-Myrcene,monoterpene,39.4,pila,4,NA
a-Phellandrene,cyclic monoterpene,47.2,pila,4,NA
D-Limonene,cyclic monoterpene,50,pila,4,NA
c-Terpinene,cyclic monoterpene,100,pila,4,NA
2-Carene,bicyclic monoterpene,38,pila,4,NA
Terpinolene,cyclic monoterpene,100,pila,4,NA
Pinocarvone,bicyclic monoterpene,85,pila,4,NA
Terpinen-4-ol,monoterpene alcohol / monocyclic monoterpenoid,79.4,pila,4,NA
Crypton ,Ketone,87.2,pila,4,NA
Dodecanal,Fatty aldehyde,114,pila,4,NA
(1R)-(-)-Myrtenal,terpene aldehyde,80,pila,4,NA
Eucarvone,monocyclic monoterpenoid,90,pila,4,NA
I-Verbenone,bicyclic ketone terpene,85,pila,4,NA
a-Citrylideneethanol,NA,104.5,pila,4,NA
"4,6-Heptadienoic acid, 3, 3, 6-trimethyl-, methyl ester",NA,68.1,pila,4,NA
"Cyclohexanecarboxylic acid, 2-(2-propenyl)-, methyl ester",NA,82.6,pila,4,NA
Phellandral,monocyclic terpene aldehyde,83.6,pila,4,NA
2-Undecanone,Ketone,88.9,pila,4,NA
"Tricyclo[3, 2,2,0]nonane-2-carboxylic acid",NA,136.5,pila,4,NA
Terpinyl acetate,methane monoterpenoid,83,pila,4,NA
delta-elemene,sesquiterpene,99.5,pila,4,NA
Ylangene,sesquiterpenoid,105.1,pila,4,NA
Copaene,sesquiterpenoid,105.1,pila,4,NA
Thujopsene,sesquiterpene,105.9,pila,4,NA
cis-beta-elemene,sesquiterpene,98.3,pila,4,NA
Caryophyllene,sesquiterpene,104.9,pila,4,NA
a-bergamotene,sesquiterpene,100.6,pila,4,NA
trans-Sesquisabinene hydrate,sesquiterpenoid,125.4,pila,4,NA
trans-Geranylacetone,acyclic monoterpenoid ketone,107.2,pila,4,6.74
(-)-Aristolene,sesquiterpene,99.9,pila,4,NA
Longifolene-(V4),sesquiterpene,95.6,pila,4,NA
Humulene,sesquiterpene,110.2,pila,4,NA
c-Muurolene,sesquiterpene,106.5,pila,4,NA
Germacrene D,sesquiterpene,111.9,pila,4,NA
7-Isopropenyl-1-methyl-4-methylenedecahydroazulene,sesquiterpene,105.1,pila,4,NA
a-selinene,sesquiterpene,102,pila,4,NA
a-cuparene,benzene,113.3,pila,4,NA
cis-5-Dodecenoic acid,fatty acid,207.6,pila,4,NA
2-Hydroxycyclopentadecanone,NA,162.8,pila,4,NA
Dodecanoic acid,fatty acid,165,pila,4,30.26
Hedycaryol,terpenoid,110.9,pila,4,NA
(-)-Spathulenol,sesquiterpenoid,123.9,pila,4,NA
Caryophyllene oxide,epoxide sesquiterpene,119.7,pila,4,NA
b-eudesmol,terpene alcohol,108.6,pila,4,NA
Z-11-Tetradecenoic acid,NA,235.3,pila,4,44.13
Z-11-Pentadecenol,NA,128.6,pila,4,NA
Hexahydrofarnesyl acetone,NA,95.1,pila,4,18.87
Geranyl-a-terpinene,NA,NA,pila,4,NA
Palmitoleic acid ,NA,239.2,pila,4,NA
Sclareol,labdane diterpenoid,169%,pila,4,NA
3-carene,bicyclic monoterpene,46,pipo,1,NA
a-pinene,monoterpene,33,pipo,1,4.19
b-pinene,monoterpene,36,pipo,1,NA
b-Myrcene,monoterpene,39.4,pipo,1,NA
a-Phellandrene,cyclic monoterpene,47.2,pipo,1,NA
D-Limonene,cyclic monoterpene,50,pipo,1,NA
c-Terpinene,cyclic monoterpene,100,pipo,1,NA
2-Carene,bicyclic monoterpene,38,pipo,1,NA
Terpinolene,cyclic monoterpene,100,pipo,1,NA
Pinocarvone,bicyclic monoterpene,85,pipo,1,NA
Terpinen-4-ol,monoterpene alcohol / monocyclic monoterpenoid,79.4,pipo,1,NA
Crypton ,Ketone,87.2,pipo,1,NA
Dodecanal,Fatty aldehyde,114,pipo,1,NA
(1R)-(-)-Myrtenal,terpene aldehyde,80,pipo,1,NA
Eucarvone,monocyclic monoterpenoid,90,pipo,1,NA
I-Verbenone,bicyclic ketone terpene,85,pipo,1,NA
a-Citrylideneethanol,NA,104.5,pipo,1,NA
"4,6-Heptadienoic acid, 3, 3, 6-trimethyl-, methyl ester",NA,68.1,pipo,1,NA
"Cyclohexanecarboxylic acid, 2-(2-propenyl)-, methyl ester",NA,82.6,pipo,1,NA
Phellandral,monocyclic terpene aldehyde,83.6,pipo,1,NA
2-Undecanone,Ketone,88.9,pipo,1,NA
"Tricyclo[3, 2,2,0]nonane-2-carboxylic acid",NA,136.5,pipo,1,NA
Terpinyl acetate,methane monoterpenoid,83,pipo,1,NA
delta-elemene,sesquiterpene,99.5,pipo,1,NA
Ylangene,sesquiterpenoid,105.1,pipo,1,NA
Copaene,sesquiterpenoid,105.1,pipo,1,3.85
Thujopsene,sesquiterpene,105.9,pipo,1,NA
cis-beta-elemene,sesquiterpene,98.3,pipo,1,NA
Caryophyllene,sesquiterpene,104.9,pipo,1,7.10
a-bergamotene,sesquiterpene,100.6,pipo,1,NA
trans-Sesquisabinene hydrate,sesquiterpenoid,125.4,pipo,1,NA
trans-Geranylacetone,acyclic monoterpenoid ketone,107.2,pipo,1,NA
(-)-Aristolene,sesquiterpene,99.9,pipo,1,NA
Longifolene-(V4),sesquiterpene,95.6,pipo,1,NA
Humulene,sesquiterpene,110.2,pipo,1,NA
c-Muurolene,sesquiterpene,106.5,pipo,1,NA
Germacrene D,sesquiterpene,111.9,pipo,1,3.23
7-Isopropenyl-1-methyl-4-methylenedecahydroazulene,sesquiterpene,105.1,pipo,1,NA
a-selinene,sesquiterpene,102,pipo,1,NA
a-cuparene,benzene,113.3,pipo,1,NA
cis-5-Dodecenoic acid,fatty acid,207.6,pipo,1,3.68
2-Hydroxycyclopentadecanone,NA,162.8,pipo,1,NA
Dodecanoic acid,fatty acid,165,pipo,1,NA
Hedycaryol,terpenoid,110.9,pipo,1,NA
(-)-Spathulenol,sesquiterpenoid,123.9,pipo,1,NA
Caryophyllene oxide,epoxide sesquiterpene,119.7,pipo,1,NA
b-eudesmol,terpene alcohol,108.6,pipo,1,NA
Z-11-Tetradecenoic acid,NA,235.3,pipo,1,or here
Z-11-Pentadecenol,NA,128.6,pipo,1,35.41
Hexahydrofarnesyl acetone,NA,95.1,pipo,1,18.27
Geranyl-a-terpinene,NA,NA,pipo,1,NA
Palmitoleic acid ,NA,239.2,pipo,1,17.42
Sclareol,labdane diterpenoid,169%,pipo,1,NA
3-carene,bicyclic monoterpene,46,pipo,2,1.50
a-pinene,monoterpene,33,pipo,2,3.59
b-pinene,monoterpene,36,pipo,2,NA
b-Myrcene,monoterpene,39.4,pipo,2,NA
a-Phellandrene,cyclic monoterpene,47.2,pipo,2,NA
D-Limonene,cyclic monoterpene,50,pipo,2,NA
c-Terpinene,cyclic monoterpene,100,pipo,2,NA
2-Carene,bicyclic monoterpene,38,pipo,2,NA
Terpinolene,cyclic monoterpene,100,pipo,2,NA
Pinocarvone,bicyclic monoterpene,85,pipo,2,NA
Terpinen-4-ol,monoterpene alcohol / monocyclic monoterpenoid,79.4,pipo,2,NA
Crypton ,Ketone,87.2,pipo,2,NA
Dodecanal,Fatty aldehyde,114,pipo,2,NA
(1R)-(-)-Myrtenal,terpene aldehyde,80,pipo,2,NA
Eucarvone,monocyclic monoterpenoid,90,pipo,2,NA
I-Verbenone,bicyclic ketone terpene,85,pipo,2,NA
a-Citrylideneethanol,NA,104.5,pipo,2,NA
"4,6-Heptadienoic acid, 3, 3, 6-trimethyl-, methyl ester",NA,68.1,pipo,2,NA
"Cyclohexanecarboxylic acid, 2-(2-propenyl)-, methyl ester",NA,82.6,pipo,2,NA
Phellandral,monocyclic terpene aldehyde,83.6,pipo,2,NA
2-Undecanone,Ketone,88.9,pipo,2,NA
"Tricyclo[3, 2,2,0]nonane-2-carboxylic acid",NA,136.5,pipo,2,NA
Terpinyl acetate,methane monoterpenoid,83,pipo,2,NA
delta-elemene,sesquiterpene,99.5,pipo,2,NA
Ylangene,sesquiterpenoid,105.1,pipo,2,NA
Copaene,sesquiterpenoid,105.1,pipo,2,NA
Thujopsene,sesquiterpene,105.9,pipo,2,NA
cis-beta-elemene,sesquiterpene,98.3,pipo,2,NA
Caryophyllene,sesquiterpene,104.9,pipo,2,8.95
a-bergamotene,sesquiterpene,100.6,pipo,2,NA
trans-Sesquisabinene hydrate,sesquiterpenoid,125.4,pipo,2,NA
trans-Geranylacetone,acyclic monoterpenoid ketone,107.2,pipo,2,3.36
(-)-Aristolene,sesquiterpene,99.9,pipo,2,NA
Longifolene-(V4),sesquiterpene,95.6,pipo,2,NA
Humulene,sesquiterpene,110.2,pipo,2,1.77
c-Muurolene,sesquiterpene,106.5,pipo,2,3.37
Germacrene D,sesquiterpene,111.9,pipo,2,9.37
7-Isopropenyl-1-methyl-4-methylenedecahydroazulene,sesquiterpene,105.1,pipo,2,NA
a-selinene,sesquiterpene,102,pipo,2,NA
a-cuparene,benzene,113.3,pipo,2,NA
cis-5-Dodecenoic acid,fatty acid,207.6,pipo,2,NA
2-Hydroxycyclopentadecanone,NA,162.8,pipo,2,7.36
Dodecanoic acid,fatty acid,165,pipo,2,NA
Hedycaryol,terpenoid,110.9,pipo,2,NA
(-)-Spathulenol,sesquiterpenoid,123.9,pipo,2,4.06
Caryophyllene oxide,epoxide sesquiterpene,119.7,pipo,2,NA
b-eudesmol,terpene alcohol,108.6,pipo,2,NA
Z-11-Tetradecenoic acid,NA,235.3,pipo,2,NA
Z-11-Pentadecenol,NA,128.6,pipo,2,8.07
Hexahydrofarnesyl acetone,NA,95.1,pipo,2,9.98
Geranyl-a-terpinene,NA,NA,pipo,2,5.09
Palmitoleic acid ,NA,239.2,pipo,2,NA
Sclareol,labdane diterpenoid,169%,pipo,2,NA
3-carene,bicyclic monoterpene,46,pipo,3,NA
a-pinene,monoterpene,33,pipo,3,NA
b-pinene,monoterpene,36,pipo,3,NA
b-Myrcene,monoterpene,39.4,pipo,3,NA
a-Phellandrene,cyclic monoterpene,47.2,pipo,3,NA
D-Limonene,cyclic monoterpene,50,pipo,3,NA
c-Terpinene,cyclic monoterpene,100,pipo,3,NA
2-Carene,bicyclic monoterpene,38,pipo,3,NA
Terpinolene,cyclic monoterpene,100,pipo,3,NA
Pinocarvone,bicyclic monoterpene,85,pipo,3,NA
Terpinen-4-ol,monoterpene alcohol / monocyclic monoterpenoid,79.4,pipo,3,NA
Crypton ,Ketone,87.2,pipo,3,NA
Dodecanal,Fatty aldehyde,114,pipo,3,NA
(1R)-(-)-Myrtenal,terpene aldehyde,80,pipo,3,NA
Eucarvone,monocyclic monoterpenoid,90,pipo,3,NA
I-Verbenone,bicyclic ketone terpene,85,pipo,3,NA
a-Citrylideneethanol,NA,104.5,pipo,3,NA
"4,6-Heptadienoic acid, 3, 3, 6-trimethyl-, methyl ester",NA,68.1,pipo,3,NA
"Cyclohexanecarboxylic acid, 2-(2-propenyl)-, methyl ester",NA,82.6,pipo,3,NA
Phellandral,monocyclic terpene aldehyde,83.6,pipo,3,NA
2-Undecanone,Ketone,88.9,pipo,3,NA
"Tricyclo[3, 2,2,0]nonane-2-carboxylic acid",NA,136.5,pipo,3,NA
Terpinyl acetate,methane monoterpenoid,83,pipo,3,NA
delta-elemene,sesquiterpene,99.5,pipo,3,NA
Ylangene,sesquiterpenoid,105.1,pipo,3,NA
Copaene,sesquiterpenoid,105.1,pipo,3,NA
Thujopsene,sesquiterpene,105.9,pipo,3,NA
cis-beta-elemene,sesquiterpene,98.3,pipo,3,NA
Caryophyllene,sesquiterpene,104.9,pipo,3,5.30
a-bergamotene,sesquiterpene,100.6,pipo,3,1.75
trans-Sesquisabinene hydrate,sesquiterpenoid,125.4,pipo,3,NA
trans-Geranylacetone,acyclic monoterpenoid ketone,107.2,pipo,3,5.75
(-)-Aristolene,sesquiterpene,99.9,pipo,3,NA
Longifolene-(V4),sesquiterpene,95.6,pipo,3,NA
Humulene,sesquiterpene,110.2,pipo,3,7.01
c-Muurolene,sesquiterpene,106.5,pipo,3,NA
Germacrene D,sesquiterpene,111.9,pipo,3,42.47
7-Isopropenyl-1-methyl-4-methylenedecahydroazulene,sesquiterpene,105.1,pipo,3,NA
a-selinene,sesquiterpene,102,pipo,3,NA
a-cuparene,benzene,113.3,pipo,3,NA
cis-5-Dodecenoic acid,fatty acid,207.6,pipo,3,11.63
2-Hydroxycyclopentadecanone,NA,162.8,pipo,3,8.14
Dodecanoic acid,fatty acid,165,pipo,3,NA
Hedycaryol,terpenoid,110.9,pipo,3,NA
(-)-Spathulenol,sesquiterpenoid,123.9,pipo,3,5.24
Caryophyllene oxide,epoxide sesquiterpene,119.7,pipo,3,NA
b-eudesmol,terpene alcohol,108.6,pipo,3,NA
Z-11-Tetradecenoic acid,NA,235.3,pipo,3,NA
Z-11-Pentadecenol,NA,128.6,pipo,3,NA
Hexahydrofarnesyl acetone,NA,95.1,pipo,3,6.75
Geranyl-a-terpinene,NA,NA,pipo,3,5.95
Palmitoleic acid ,NA,239.2,pipo,3,NA
Sclareol,labdane diterpenoid,169%,pipo,3,NA
3-carene,bicyclic monoterpene,46,pipo,4,NA
a-pinene,monoterpene,33,pipo,4,NA
b-pinene,monoterpene,36,pipo,4,NA
b-Myrcene,monoterpene,39.4,pipo,4,NA
a-Phellandrene,cyclic monoterpene,47.2,pipo,4,NA
D-Limonene,cyclic monoterpene,50,pipo,4,NA
c-Terpinene,cyclic monoterpene,100,pipo,4,NA
2-Carene,bicyclic monoterpene,38,pipo,4,NA
Terpinolene,cyclic monoterpene,100,pipo,4,NA
Pinocarvone,bicyclic monoterpene,85,pipo,4,NA
Terpinen-4-ol,monoterpene alcohol / monocyclic monoterpenoid,79.4,pipo,4,NA
Crypton ,Ketone,87.2,pipo,4,NA
Dodecanal,Fatty aldehyde,114,pipo,4,NA
(1R)-(-)-Myrtenal,terpene aldehyde,80,pipo,4,NA
Eucarvone,monocyclic monoterpenoid,90,pipo,4,NA
I-Verbenone,bicyclic ketone terpene,85,pipo,4,NA
a-Citrylideneethanol,NA,104.5,pipo,4,NA
"4,6-Heptadienoic acid, 3, 3, 6-trimethyl-, methyl ester",NA,68.1,pipo,4,NA
"Cyclohexanecarboxylic acid, 2-(2-propenyl)-, methyl ester",NA,82.6,pipo,4,NA
Phellandral,monocyclic terpene aldehyde,83.6,pipo,4,NA
2-Undecanone,Ketone,88.9,pipo,4,NA
"Tricyclo[3, 2,2,0]nonane-2-carboxylic acid",NA,136.5,pipo,4,NA
Terpinyl acetate,methane monoterpenoid,83,pipo,4,NA
delta-elemene,sesquiterpene,99.5,pipo,4,NA
Ylangene,sesquiterpenoid,105.1,pipo,4,11.36
Copaene,sesquiterpenoid,105.1,pipo,4,NA
Thujopsene,sesquiterpene,105.9,pipo,4,NA
cis-beta-elemene,sesquiterpene,98.3,pipo,4,NA
Caryophyllene,sesquiterpene,104.9,pipo,4,7.44
a-bergamotene,sesquiterpene,100.6,pipo,4,NA
trans-Sesquisabinene hydrate,sesquiterpenoid,125.4,pipo,4,NA
trans-Geranylacetone,acyclic monoterpenoid ketone,107.2,pipo,4,6.06
(-)-Aristolene,sesquiterpene,99.9,pipo,4,NA
Longifolene-(V4),sesquiterpene,95.6,pipo,4,NA
Humulene,sesquiterpene,110.2,pipo,4,NA
c-Muurolene,sesquiterpene,106.5,pipo,4,NA
Germacrene D,sesquiterpene,111.9,pipo,4,6.84
7-Isopropenyl-1-methyl-4-methylenedecahydroazulene,sesquiterpene,105.1,pipo,4,NA
a-selinene,sesquiterpene,102,pipo,4,NA
a-cuparene,benzene,113.3,pipo,4,NA
cis-5-Dodecenoic acid,fatty acid,207.6,pipo,4,14.47
2-Hydroxycyclopentadecanone,NA,162.8,pipo,4,NA
Dodecanoic acid,fatty acid,165,pipo,4,NA
Hedycaryol,terpenoid,110.9,pipo,4,NA
(-)-Spathulenol,sesquiterpenoid,123.9,pipo,4,NA
Caryophyllene oxide,epoxide sesquiterpene,119.7,pipo,4,NA
b-eudesmol,terpene alcohol,108.6,pipo,4,NA
Z-11-Tetradecenoic acid,NA,235.3,pipo,4,12.56
Z-11-Pentadecenol,NA,128.6,pipo,4,NA
Hexahydrofarnesyl acetone,NA,95.1,pipo,4,18.69
Geranyl-a-terpinene,NA,NA,pipo,4,NA
Palmitoleic acid ,NA,239.2,pipo,4,NA
Sclareol,labdane diterpenoid,169%,pipo,4,NA
3-carene,bicyclic monoterpene,46,quke,1,NA
a-pinene,monoterpene,33,quke,1,NA
b-pinene,monoterpene,36,quke,1,NA
b-Myrcene,monoterpene,39.4,quke,1,NA
a-Phellandrene,cyclic monoterpene,47.2,quke,1,NA
D-Limonene,cyclic monoterpene,50,quke,1,NA
c-Terpinene,cyclic monoterpene,100,quke,1,NA
2-Carene,bicyclic monoterpene,38,quke,1,NA
Terpinolene,cyclic monoterpene,100,quke,1,NA
Pinocarvone,bicyclic monoterpene,85,quke,1,NA
Terpinen-4-ol,monoterpene alcohol / monocyclic monoterpenoid,79.4,quke,1,NA
Crypton ,Ketone,87.2,quke,1,NA
Dodecanal,Fatty aldehyde,114,quke,1,NA
(1R)-(-)-Myrtenal,terpene aldehyde,80,quke,1,NA
Eucarvone,monocyclic monoterpenoid,90,quke,1,NA
I-Verbenone,bicyclic ketone terpene,85,quke,1,NA
a-Citrylideneethanol,NA,104.5,quke,1,NA
"4,6-Heptadienoic acid, 3, 3, 6-trimethyl-, methyl ester",NA,68.1,quke,1,NA
"Cyclohexanecarboxylic acid, 2-(2-propenyl)-, methyl ester",NA,82.6,quke,1,NA
Phellandral,monocyclic terpene aldehyde,83.6,quke,1,NA
2-Undecanone,Ketone,88.9,quke,1,NA
"Tricyclo[3, 2,2,0]nonane-2-carboxylic acid",NA,136.5,quke,1,NA
Terpinyl acetate,methane monoterpenoid,83,quke,1,NA
delta-elemene,sesquiterpene,99.5,quke,1,NA
Ylangene,sesquiterpenoid,105.1,quke,1,NA
Copaene,sesquiterpenoid,105.1,quke,1,NA
Thujopsene,sesquiterpene,105.9,quke,1,NA
cis-beta-elemene,sesquiterpene,98.3,quke,1,NA
Caryophyllene,sesquiterpene,104.9,quke,1,NA
a-bergamotene,sesquiterpene,100.6,quke,1,NA
trans-Sesquisabinene hydrate,sesquiterpenoid,125.4,quke,1,NA
trans-Geranylacetone,acyclic monoterpenoid ketone,107.2,quke,1,9.20
(-)-Aristolene,sesquiterpene,99.9,quke,1,NA
Longifolene-(V4),sesquiterpene,95.6,quke,1,NA
Humulene,sesquiterpene,110.2,quke,1,NA
c-Muurolene,sesquiterpene,106.5,quke,1,NA
Germacrene D,sesquiterpene,111.9,quke,1,NA
7-Isopropenyl-1-methyl-4-methylenedecahydroazulene,sesquiterpene,105.1,quke,1,NA
a-selinene,sesquiterpene,102,quke,1,NA
a-cuparene,benzene,113.3,quke,1,NA
cis-5-Dodecenoic acid,fatty acid,207.6,quke,1,NA
2-Hydroxycyclopentadecanone,NA,162.8,quke,1,NA
Dodecanoic acid,fatty acid,165,quke,1,NA
Hedycaryol,terpenoid,110.9,quke,1,NA
(-)-Spathulenol,sesquiterpenoid,123.9,quke,1,NA
Caryophyllene oxide,epoxide sesquiterpene,119.7,quke,1,NA
b-eudesmol,terpene alcohol,108.6,quke,1,NA
Z-11-Tetradecenoic acid,NA,235.3,quke,1,NA
Z-11-Pentadecenol,NA,128.6,quke,1,NA
Hexahydrofarnesyl acetone,NA,95.1,quke,1,76.62
Geranyl-a-terpinene,NA,NA,quke,1,NA
Palmitoleic acid ,NA,239.2,quke,1,NA
Sclareol,labdane diterpenoid,169%,quke,1,NA
3-carene,bicyclic monoterpene,46,quke,2,NA
a-pinene,monoterpene,33,quke,2,NA
b-pinene,monoterpene,36,quke,2,NA
b-Myrcene,monoterpene,39.4,quke,2,NA
a-Phellandrene,cyclic monoterpene,47.2,quke,2,NA
D-Limonene,cyclic monoterpene,50,quke,2,NA
c-Terpinene,cyclic monoterpene,100,quke,2,NA
2-Carene,bicyclic monoterpene,38,quke,2,NA
Terpinolene,cyclic monoterpene,100,quke,2,NA
Pinocarvone,bicyclic monoterpene,85,quke,2,NA
Terpinen-4-ol,monoterpene alcohol / monocyclic monoterpenoid,79.4,quke,2,NA
Crypton ,Ketone,87.2,quke,2,NA
Dodecanal,Fatty aldehyde,114,quke,2,NA
(1R)-(-)-Myrtenal,terpene aldehyde,80,quke,2,NA
Eucarvone,monocyclic monoterpenoid,90,quke,2,NA
I-Verbenone,bicyclic ketone terpene,85,quke,2,NA
a-Citrylideneethanol,NA,104.5,quke,2,NA
"4,6-Heptadienoic acid, 3, 3, 6-trimethyl-, methyl ester",NA,68.1,quke,2,NA
"Cyclohexanecarboxylic acid, 2-(2-propenyl)-, methyl ester",NA,82.6,quke,2,NA
Phellandral,monocyclic terpene aldehyde,83.6,quke,2,NA
2-Undecanone,Ketone,88.9,quke,2,NA
"Tricyclo[3, 2,2,0]nonane-2-carboxylic acid",NA,136.5,quke,2,NA
Terpinyl acetate,methane monoterpenoid,83,quke,2,NA
delta-elemene,sesquiterpene,99.5,quke,2,NA
Ylangene,sesquiterpenoid,105.1,quke,2,NA
Copaene,sesquiterpenoid,105.1,quke,2,NA
Thujopsene,sesquiterpene,105.9,quke,2,NA
cis-beta-elemene,sesquiterpene,98.3,quke,2,NA
Caryophyllene,sesquiterpene,104.9,quke,2,NA
a-bergamotene,sesquiterpene,100.6,quke,2,NA
trans-Sesquisabinene hydrate,sesquiterpenoid,125.4,quke,2,NA
trans-Geranylacetone,acyclic monoterpenoid ketone,107.2,quke,2,14.70
(-)-Aristolene,sesquiterpene,99.9,quke,2,NA
Longifolene-(V4),sesquiterpene,95.6,quke,2,NA
Humulene,sesquiterpene,110.2,quke,2,NA
c-Muurolene,sesquiterpene,106.5,quke,2,NA
Germacrene D,sesquiterpene,111.9,quke,2,NA
7-Isopropenyl-1-methyl-4-methylenedecahydroazulene,sesquiterpene,105.1,quke,2,NA
a-selinene,sesquiterpene,102,quke,2,NA
a-cuparene,benzene,113.3,quke,2,NA
cis-5-Dodecenoic acid,fatty acid,207.6,quke,2,NA
2-Hydroxycyclopentadecanone,NA,162.8,quke,2,NA
Dodecanoic acid,fatty acid,165,quke,2,NA
Hedycaryol,terpenoid,110.9,quke,2,NA
(-)-Spathulenol,sesquiterpenoid,123.9,quke,2,NA
Caryophyllene oxide,epoxide sesquiterpene,119.7,quke,2,NA
b-eudesmol,terpene alcohol,108.6,quke,2,NA
Z-11-Tetradecenoic acid,NA,235.3,quke,2,NA
Z-11-Pentadecenol,NA,128.6,quke,2,NA
Hexahydrofarnesyl acetone,NA,95.1,quke,2,48.83
Geranyl-a-terpinene,NA,NA,quke,2,NA
Palmitoleic acid ,NA,239.2,quke,2,NA
Sclareol,labdane diterpenoid,169%,quke,2,NA
3-carene,bicyclic monoterpene,46,quke,3,NA
a-pinene,monoterpene,33,quke,3,NA
b-pinene,monoterpene,36,quke,3,NA
b-Myrcene,monoterpene,39.4,quke,3,NA
a-Phellandrene,cyclic monoterpene,47.2,quke,3,NA
D-Limonene,cyclic monoterpene,50,quke,3,NA
c-Terpinene,cyclic monoterpene,100,quke,3,NA
2-Carene,bicyclic monoterpene,38,quke,3,NA
Terpinolene,cyclic monoterpene,100,quke,3,NA
Pinocarvone,bicyclic monoterpene,85,quke,3,NA
Terpinen-4-ol,monoterpene alcohol / monocyclic monoterpenoid,79.4,quke,3,NA
Crypton ,Ketone,87.2,quke,3,NA
Dodecanal,Fatty aldehyde,114,quke,3,4.56
(1R)-(-)-Myrtenal,terpene aldehyde,80,quke,3,NA
Eucarvone,monocyclic monoterpenoid,90,quke,3,NA
I-Verbenone,bicyclic ketone terpene,85,quke,3,NA
a-Citrylideneethanol,NA,104.5,quke,3,NA
"4,6-Heptadienoic acid, 3, 3, 6-trimethyl-, methyl ester",NA,68.1,quke,3,NA
"Cyclohexanecarboxylic acid, 2-(2-propenyl)-, methyl ester",NA,82.6,quke,3,NA
Phellandral,monocyclic terpene aldehyde,83.6,quke,3,NA
2-Undecanone,Ketone,88.9,quke,3,NA
"Tricyclo[3, 2,2,0]nonane-2-carboxylic acid",NA,136.5,quke,3,NA
Terpinyl acetate,methane monoterpenoid,83,quke,3,NA
delta-elemene,sesquiterpene,99.5,quke,3,NA
Ylangene,sesquiterpenoid,105.1,quke,3,NA
Copaene,sesquiterpenoid,105.1,quke,3,NA
Thujopsene,sesquiterpene,105.9,quke,3,NA
cis-beta-elemene,sesquiterpene,98.3,quke,3,NA
Caryophyllene,sesquiterpene,104.9,quke,3,NA
a-bergamotene,sesquiterpene,100.6,quke,3,NA
trans-Sesquisabinene hydrate,sesquiterpenoid,125.4,quke,3,NA
trans-Geranylacetone,acyclic monoterpenoid ketone,107.2,quke,3,NA
(-)-Aristolene,sesquiterpene,99.9,quke,3,NA
Longifolene-(V4),sesquiterpene,95.6,quke,3,NA
Humulene,sesquiterpene,110.2,quke,3,NA
c-Muurolene,sesquiterpene,106.5,quke,3,NA
Germacrene D,sesquiterpene,111.9,quke,3,NA
7-Isopropenyl-1-methyl-4-methylenedecahydroazulene,sesquiterpene,105.1,quke,3,19.71
a-selinene,sesquiterpene,102,quke,3,NA
a-cuparene,benzene,113.3,quke,3,NA
cis-5-Dodecenoic acid,fatty acid,207.6,quke,3,NA
2-Hydroxycyclopentadecanone,NA,162.8,quke,3,NA
Dodecanoic acid,fatty acid,165,quke,3,NA
Hedycaryol,terpenoid,110.9,quke,3,NA
(-)-Spathulenol,sesquiterpenoid,123.9,quke,3,NA
Caryophyllene oxide,epoxide sesquiterpene,119.7,quke,3,NA
b-eudesmol,terpene alcohol,108.6,quke,3,NA
Z-11-Tetradecenoic acid,NA,235.3,quke,3,NA
Z-11-Pentadecenol,NA,128.6,quke,3,NA
Hexahydrofarnesyl acetone,NA,95.1,quke,3,30.34
Geranyl-a-terpinene,NA,NA,quke,3,NA
Palmitoleic acid ,NA,239.2,quke,3,NA
Sclareol,labdane diterpenoid,169%,quke,3,NA
3-carene,bicyclic monoterpene,46,quke,4,NA
a-pinene,monoterpene,33,quke,4,NA
b-pinene,monoterpene,36,quke,4,NA
b-Myrcene,monoterpene,39.4,quke,4,NA
a-Phellandrene,cyclic monoterpene,47.2,quke,4,NA
D-Limonene,cyclic monoterpene,50,quke,4,NA
c-Terpinene,cyclic monoterpene,100,quke,4,NA
2-Carene,bicyclic monoterpene,38,quke,4,NA
Terpinolene,cyclic monoterpene,100,quke,4,NA
Pinocarvone,bicyclic monoterpene,85,quke,4,NA
Terpinen-4-ol,monoterpene alcohol / monocyclic monoterpenoid,79.4,quke,4,NA
Crypton ,Ketone,87.2,quke,4,NA
Dodecanal,Fatty aldehyde,114,quke,4,NA
(1R)-(-)-Myrtenal,terpene aldehyde,80,quke,4,NA
Eucarvone,monocyclic monoterpenoid,90,quke,4,NA
I-Verbenone,bicyclic ketone terpene,85,quke,4,NA
a-Citrylideneethanol,NA,104.5,quke,4,NA
"4,6-Heptadienoic acid, 3, 3, 6-trimethyl-, methyl ester",NA,68.1,quke,4,NA
"Cyclohexanecarboxylic acid, 2-(2-propenyl)-, methyl ester",NA,82.6,quke,4,NA
Phellandral,monocyclic terpene aldehyde,83.6,quke,4,NA
2-Undecanone,Ketone,88.9,quke,4,NA
"Tricyclo[3, 2,2,0]nonane-2-carboxylic acid",NA,136.5,quke,4,NA
Terpinyl acetate,methane monoterpenoid,83,quke,4,NA
delta-elemene,sesquiterpene,99.5,quke,4,NA
Ylangene,sesquiterpenoid,105.1,quke,4,NA
Copaene,sesquiterpenoid,105.1,quke,4,NA
Thujopsene,sesquiterpene,105.9,quke,4,NA
cis-beta-elemene,sesquiterpene,98.3,quke,4,NA
Caryophyllene,sesquiterpene,104.9,quke,4,NA
a-bergamotene,sesquiterpene,100.6,quke,4,NA
trans-Sesquisabinene hydrate,sesquiterpenoid,125.4,quke,4,NA
trans-Geranylacetone,acyclic monoterpenoid ketone,107.2,quke,4,25.47
(-)-Aristolene,sesquiterpene,99.9,quke,4,NA
Longifolene-(V4),sesquiterpene,95.6,quke,4,NA
Humulene,sesquiterpene,110.2,quke,4,NA
c-Muurolene,sesquiterpene,106.5,quke,4,NA
Germacrene D,sesquiterpene,111.9,quke,4,NA
7-Isopropenyl-1-methyl-4-methylenedecahydroazulene,sesquiterpene,105.1,quke,4,NA
a-selinene,sesquiterpene,102,quke,4,NA
a-cuparene,benzene,113.3,quke,4,NA
cis-5-Dodecenoic acid,fatty acid,207.6,quke,4,NA
2-Hydroxycyclopentadecanone,NA,162.8,quke,4,NA
Dodecanoic acid,fatty acid,165,quke,4,NA
Hedycaryol,terpenoid,110.9,quke,4,NA
(-)-Spathulenol,sesquiterpenoid,123.9,quke,4,NA
Caryophyllene oxide,epoxide sesquiterpene,119.7,quke,4,NA
b-eudesmol,terpene alcohol,108.6,quke,4,NA
Z-11-Tetradecenoic acid,NA,235.3,quke,4,NA
Z-11-Pentadecenol,NA,128.6,quke,4,NA
Hexahydrofarnesyl acetone,NA,95.1,quke,4,74.53
Geranyl-a-terpinene,NA,NA,quke,4,NA
Palmitoleic acid ,NA,239.2,quke,4,NA
Sclareol,labdane diterpenoid,169%,quke,4,NA
3-carene,bicyclic monoterpene,46,segi,1,28.24
a-pinene,monoterpene,33,segi,1,NA
b-pinene,monoterpene,36,segi,1,NA
b-Myrcene,monoterpene,39.4,segi,1,7.99
a-Phellandrene,cyclic monoterpene,47.2,segi,1,NA
D-Limonene,cyclic monoterpene,50,segi,1,7.50
c-Terpinene,cyclic monoterpene,100,segi,1,NA
2-Carene,bicyclic monoterpene,38,segi,1,1.69
Terpinolene,cyclic monoterpene,100,segi,1,NA
Pinocarvone,bicyclic monoterpene,85,segi,1,2.18
Terpinen-4-ol,monoterpene alcohol / monocyclic monoterpenoid,79.4,segi,1,NA
Crypton ,Ketone,87.2,segi,1,NA
Dodecanal,Fatty aldehyde,114,segi,1,NA
(1R)-(-)-Myrtenal,terpene aldehyde,80,segi,1,NA
Eucarvone,monocyclic monoterpenoid,90,segi,1,NA
I-Verbenone,bicyclic ketone terpene,85,segi,1,5.30
a-Citrylideneethanol,NA,104.5,segi,1,NA
"4,6-Heptadienoic acid, 3, 3, 6-trimethyl-, methyl ester",NA,68.1,segi,1,NA
"Cyclohexanecarboxylic acid, 2-(2-propenyl)-, methyl ester",NA,82.6,segi,1,NA
Phellandral,monocyclic terpene aldehyde,83.6,segi,1,NA
2-Undecanone,Ketone,88.9,segi,1,NA
"Tricyclo[3, 2,2,0]nonane-2-carboxylic acid",NA,136.5,segi,1,NA
Terpinyl acetate,methane monoterpenoid,83,segi,1,NA
delta-elemene,sesquiterpene,99.5,segi,1,NA
Ylangene,sesquiterpenoid,105.1,segi,1,NA
Copaene,sesquiterpenoid,105.1,segi,1,NA
Thujopsene,sesquiterpene,105.9,segi,1,NA
cis-beta-elemene,sesquiterpene,98.3,segi,1,NA
Caryophyllene,sesquiterpene,104.9,segi,1,8.33
a-bergamotene,sesquiterpene,100.6,segi,1,NA
trans-Sesquisabinene hydrate,sesquiterpenoid,125.4,segi,1,NA
trans-Geranylacetone,acyclic monoterpenoid ketone,107.2,segi,1,2.02
(-)-Aristolene,sesquiterpene,99.9,segi,1,NA
Longifolene-(V4),sesquiterpene,95.6,segi,1,NA
Humulene,sesquiterpene,110.2,segi,1,17.47
c-Muurolene,sesquiterpene,106.5,segi,1,NA
Germacrene D,sesquiterpene,111.9,segi,1,NA
7-Isopropenyl-1-methyl-4-methylenedecahydroazulene,sesquiterpene,105.1,segi,1,NA
a-selinene,sesquiterpene,102,segi,1,NA
a-cuparene,benzene,113.3,segi,1,NA
cis-5-Dodecenoic acid,fatty acid,207.6,segi,1,NA
2-Hydroxycyclopentadecanone,NA,162.8,segi,1,NA
Dodecanoic acid,fatty acid,165,segi,1,3.87
Hedycaryol,terpenoid,110.9,segi,1,NA
(-)-Spathulenol,sesquiterpenoid,123.9,segi,1,NA
Caryophyllene oxide,epoxide sesquiterpene,119.7,segi,1,NA
b-eudesmol,terpene alcohol,108.6,segi,1,7.86
Z-11-Tetradecenoic acid,NA,235.3,segi,1,NA
Z-11-Pentadecenol,NA,128.6,segi,1,NA
Hexahydrofarnesyl acetone,NA,95.1,segi,1,0.92
Geranyl-a-terpinene,NA,NA,segi,1,NA
Palmitoleic acid ,NA,239.2,segi,1,NA
Sclareol,labdane diterpenoid,169%,segi,1,NA
3-carene,bicyclic monoterpene,46,segi,2,8.66
a-pinene,monoterpene,33,segi,2,NA
b-pinene,monoterpene,36,segi,2,NA
b-Myrcene,monoterpene,39.4,segi,2,3.18
a-Phellandrene,cyclic monoterpene,47.2,segi,2,NA
D-Limonene,cyclic monoterpene,50,segi,2,NA
c-Terpinene,cyclic monoterpene,100,segi,2,NA
2-Carene,bicyclic monoterpene,38,segi,2,NA
Terpinolene,cyclic monoterpene,100,segi,2,NA
Pinocarvone,bicyclic monoterpene,85,segi,2,NA
Terpinen-4-ol,monoterpene alcohol / monocyclic monoterpenoid,79.4,segi,2,NA
Crypton ,Ketone,87.2,segi,2,NA
Dodecanal,Fatty aldehyde,114,segi,2,1.85
(1R)-(-)-Myrtenal,terpene aldehyde,80,segi,2,NA
Eucarvone,monocyclic monoterpenoid,90,segi,2,NA
I-Verbenone,bicyclic ketone terpene,85,segi,2,0.47
a-Citrylideneethanol,NA,104.5,segi,2,NA
"4,6-Heptadienoic acid, 3, 3, 6-trimethyl-, methyl ester",NA,68.1,segi,2,NA
"Cyclohexanecarboxylic acid, 2-(2-propenyl)-, methyl ester",NA,82.6,segi,2,NA
Phellandral,monocyclic terpene aldehyde,83.6,segi,2,NA
2-Undecanone,Ketone,88.9,segi,2,NA
"Tricyclo[3, 2,2,0]nonane-2-carboxylic acid",NA,136.5,segi,2,NA
Terpinyl acetate,methane monoterpenoid,83,segi,2,NA
delta-elemene,sesquiterpene,99.5,segi,2,NA
Ylangene,sesquiterpenoid,105.1,segi,2,NA
Copaene,sesquiterpenoid,105.1,segi,2,3.78
Thujopsene,sesquiterpene,105.9,segi,2,NA
cis-beta-elemene,sesquiterpene,98.3,segi,2,NA
Caryophyllene,sesquiterpene,104.9,segi,2,3.19
a-bergamotene,sesquiterpene,100.6,segi,2,NA
trans-Sesquisabinene hydrate,sesquiterpenoid,125.4,segi,2,NA
trans-Geranylacetone,acyclic monoterpenoid ketone,107.2,segi,2,4.00
(-)-Aristolene,sesquiterpene,99.9,segi,2,NA
Longifolene-(V4),sesquiterpene,95.6,segi,2,10.20
Humulene,sesquiterpene,110.2,segi,2,7.28
c-Muurolene,sesquiterpene,106.5,segi,2,NA
Germacrene D,sesquiterpene,111.9,segi,2,NA
7-Isopropenyl-1-methyl-4-methylenedecahydroazulene,sesquiterpene,105.1,segi,2,NA
a-selinene,sesquiterpene,102,segi,2,NA
a-cuparene,benzene,113.3,segi,2,NA
cis-5-Dodecenoic acid,fatty acid,207.6,segi,2,NA
2-Hydroxycyclopentadecanone,NA,162.8,segi,2,NA
Dodecanoic acid,fatty acid,165,segi,2,NA
Hedycaryol,terpenoid,110.9,segi,2,14.90
(-)-Spathulenol,sesquiterpenoid,123.9,segi,2,NA
Caryophyllene oxide,epoxide sesquiterpene,119.7,segi,2,1.84
b-eudesmol,terpene alcohol,108.6,segi,2,17.35
Z-11-Tetradecenoic acid,NA,235.3,segi,2,NA
Z-11-Pentadecenol,NA,128.6,segi,2,NA
Hexahydrofarnesyl acetone,NA,95.1,segi,2,4.55
Geranyl-a-terpinene,NA,NA,segi,2,NA
Palmitoleic acid ,NA,239.2,segi,2,2.09
Sclareol,labdane diterpenoid,169%,segi,2,NA
3-carene,bicyclic monoterpene,46,segi,3,NA
a-pinene,monoterpene,33,segi,3,5.33
b-pinene,monoterpene,36,segi,3,NA
b-Myrcene,monoterpene,39.4,segi,3,NA
a-Phellandrene,cyclic monoterpene,47.2,segi,3,NA
D-Limonene,cyclic monoterpene,50,segi,3,NA
c-Terpinene,cyclic monoterpene,100,segi,3,NA
2-Carene,bicyclic monoterpene,38,segi,3,NA
Terpinolene,cyclic monoterpene,100,segi,3,NA
Pinocarvone,bicyclic monoterpene,85,segi,3,NA
Terpinen-4-ol,monoterpene alcohol / monocyclic monoterpenoid,79.4,segi,3,NA
Crypton ,Ketone,87.2,segi,3,NA
Dodecanal,Fatty aldehyde,114,segi,3,2.53
(1R)-(-)-Myrtenal,terpene aldehyde,80,segi,3,NA
Eucarvone,monocyclic monoterpenoid,90,segi,3,NA
I-Verbenone,bicyclic ketone terpene,85,segi,3,0.95
a-Citrylideneethanol,NA,104.5,segi,3,NA
"4,6-Heptadienoic acid, 3, 3, 6-trimethyl-, methyl ester",NA,68.1,segi,3,NA
"Cyclohexanecarboxylic acid, 2-(2-propenyl)-, methyl ester",NA,82.6,segi,3,NA
Phellandral,monocyclic terpene aldehyde,83.6,segi,3,NA
2-Undecanone,Ketone,88.9,segi,3,NA
"Tricyclo[3, 2,2,0]nonane-2-carboxylic acid",NA,136.5,segi,3,NA
Terpinyl acetate,methane monoterpenoid,83,segi,3,NA
delta-elemene,sesquiterpene,99.5,segi,3,NA
Ylangene,sesquiterpenoid,105.1,segi,3,1.91
Copaene,sesquiterpenoid,105.1,segi,3,3.57
Thujopsene,sesquiterpene,105.9,segi,3,NA
cis-beta-elemene,sesquiterpene,98.3,segi,3,NA
Caryophyllene,sesquiterpene,104.9,segi,3,3.21
a-bergamotene,sesquiterpene,100.6,segi,3,NA
trans-Sesquisabinene hydrate,sesquiterpenoid,125.4,segi,3,NA
trans-Geranylacetone,acyclic monoterpenoid ketone,107.2,segi,3,6.37
(-)-Aristolene,sesquiterpene,99.9,segi,3,NA
Longifolene-(V4),sesquiterpene,95.6,segi,3,NA
Humulene,sesquiterpene,110.2,segi,3,7.55
c-Muurolene,sesquiterpene,106.5,segi,3,NA
Germacrene D,sesquiterpene,111.9,segi,3,NA
7-Isopropenyl-1-methyl-4-methylenedecahydroazulene,sesquiterpene,105.1,segi,3,NA
a-selinene,sesquiterpene,102,segi,3,NA
a-cuparene,benzene,113.3,segi,3,NA
cis-5-Dodecenoic acid,fatty acid,207.6,segi,3,17.66
2-Hydroxycyclopentadecanone,NA,162.8,segi,3,NA
Dodecanoic acid,fatty acid,165,segi,3,NA
Hedycaryol,terpenoid,110.9,segi,3,20.23
(-)-Spathulenol,sesquiterpenoid,123.9,segi,3,NA
Caryophyllene oxide,epoxide sesquiterpene,119.7,segi,3,2.63
b-eudesmol,terpene alcohol,108.6,segi,3,NA
Z-11-Tetradecenoic acid,NA,235.3,segi,3,4.76
Z-11-Pentadecenol,NA,128.6,segi,3,NA
Hexahydrofarnesyl acetone,NA,95.1,segi,3,5.96
Geranyl-a-terpinene,NA,NA,segi,3,NA
Palmitoleic acid ,NA,239.2,segi,3,3.42
Sclareol,labdane diterpenoid,169%,segi,3,NA
3-carene,bicyclic monoterpene,46,segi,4,NA
a-pinene,monoterpene,33,segi,4,79.91
b-pinene,monoterpene,36,segi,4,NA
b-Myrcene,monoterpene,39.4,segi,4,NA
a-Phellandrene,cyclic monoterpene,47.2,segi,4,NA
D-Limonene,cyclic monoterpene,50,segi,4,NA
c-Terpinene,cyclic monoterpene,100,segi,4,NA
2-Carene,bicyclic monoterpene,38,segi,4,NA
Terpinolene,cyclic monoterpene,100,segi,4,NA
Pinocarvone,bicyclic monoterpene,85,segi,4,NA
Terpinen-4-ol,monoterpene alcohol / monocyclic monoterpenoid,79.4,segi,4,NA
Crypton ,Ketone,87.2,segi,4,NA
Dodecanal,Fatty aldehyde,114,segi,4,NA
(1R)-(-)-Myrtenal,terpene aldehyde,80,segi,4,NA
Eucarvone,monocyclic monoterpenoid,90,segi,4,NA
I-Verbenone,bicyclic ketone terpene,85,segi,4,NA
a-Citrylideneethanol,NA,104.5,segi,4,NA
"4,6-Heptadienoic acid, 3, 3, 6-trimethyl-, methyl ester",NA,68.1,segi,4,NA
"Cyclohexanecarboxylic acid, 2-(2-propenyl)-, methyl ester",NA,82.6,segi,4,NA
Phellandral,monocyclic terpene aldehyde,83.6,segi,4,NA
2-Undecanone,Ketone,88.9,segi,4,NA
"Tricyclo[3, 2,2,0]nonane-2-carboxylic acid",NA,136.5,segi,4,NA
Terpinyl acetate,methane monoterpenoid,83,segi,4,NA
delta-elemene,sesquiterpene,99.5,segi,4,NA
Ylangene,sesquiterpenoid,105.1,segi,4,NA
Copaene,sesquiterpenoid,105.1,segi,4,NA
Thujopsene,sesquiterpene,105.9,segi,4,NA
cis-beta-elemene,sesquiterpene,98.3,segi,4,NA
Caryophyllene,sesquiterpene,104.9,segi,4,6.63
a-bergamotene,sesquiterpene,100.6,segi,4,NA
trans-Sesquisabinene hydrate,sesquiterpenoid,125.4,segi,4,NA
trans-Geranylacetone,acyclic monoterpenoid ketone,107.2,segi,4,NA
(-)-Aristolene,sesquiterpene,99.9,segi,4,NA
Longifolene-(V4),sesquiterpene,95.6,segi,4,NA
Humulene,sesquiterpene,110.2,segi,4,13.46
c-Muurolene,sesquiterpene,106.5,segi,4,NA
Germacrene D,sesquiterpene,111.9,segi,4,NA
7-Isopropenyl-1-methyl-4-methylenedecahydroazulene,sesquiterpene,105.1,segi,4,NA
a-selinene,sesquiterpene,102,segi,4,NA
a-cuparene,benzene,113.3,segi,4,NA
cis-5-Dodecenoic acid,fatty acid,207.6,segi,4,NA
2-Hydroxycyclopentadecanone,NA,162.8,segi,4,NA
Dodecanoic acid,fatty acid,165,segi,4,NA
Hedycaryol,terpenoid,110.9,segi,4,NA
(-)-Spathulenol,sesquiterpenoid,123.9,segi,4,NA
Caryophyllene oxide,epoxide sesquiterpene,119.7,segi,4,NA
b-eudesmol,terpene alcohol,108.6,segi,4,NA
Z-11-Tetradecenoic acid,NA,235.3,segi,4,NA
Z-11-Pentadecenol,NA,128.6,segi,4,NA
Hexahydrofarnesyl acetone,NA,95.1,segi,4,NA
Geranyl-a-terpinene,NA,NA,segi,4,NA
Palmitoleic acid ,NA,239.2,segi,4,NA
Sclareol,labdane diterpenoid,169%,segi,4,NA
